Date,Predicted_Consumption,Population_Growth_Rate,Income_Growth_Rate,Year
2026-01-01,191225.7729397416,0.00025,0.0244,2026
2026-02-01,188122.64281880856,0.00025,0.0244,2026
2026-03-01,191268.72078311443,0.00025,0.0244,2026
2026-04-01,189123.79650992155,0.00025,0.0244,2026
2026-05-01,188337.29721438885,0.00025,0.0244,2026
2026-06-01,190714.6843136549,0.00025,0.0244,2026
2026-07-01,191748.65576338768,0.00025,0.0244,2026
2026-08-01,191761.87172722816,0.00025,0.0244,2026
2026-09-01,193566.22642856836,0.00025,0.0244,2026
2026-10-01,194149.7564701438,0.00025,0.0244,2026
2026-11-01,193652.75625538826,0.00025,0.0244,2026
2026-12-01,193878.4293396473,0.00025,0.0244,2026
2027-01-01,193538.88974052668,0.00025,0.0244,2027
2027-02-01,192608.7355030775,0.00025,0.0244,2027
2027-03-01,192367.3502857685,0.00025,0.0244,2027
2027-04-01,192121.31201517582,0.00025,0.0244,2027
2027-05-01,191737.79863905907,0.00025,0.0244,2027
2027-06-01,191850.89772325754,0.00025,0.0244,2027
2027-07-01,192024.55920410156,0.00025,0.0244,2027
2027-08-01,192072.54785519838,0.00025,0.0244,2027
2027-09-01,192308.30255490541,0.00025,0.0244,2027
2027-10-01,192495.43042433262,0.00025,0.0244,2027
2027-11-01,192523.001380682,0.00025,0.0244,2027
2027-12-01,192580.2961383462,0.00025,0.0244,2027
2028-01-01,192589.61436223984,0.00025,0.0244,2028
2028-02-01,192504.00949132442,0.00025,0.0244,2028
2028-03-01,192452.1796478033,0.00025,0.0244,2028
2028-04-01,192408.7996197939,0.00025,0.0244,2028
2028-05-01,192344.82013714314,0.00025,0.0244,2028
2028-06-01,192325.21026414633,0.00025,0.0244,2028
2028-07-01,192330.31973671913,0.00025,0.0244,2028
2028-08-01,192330.3560886979,0.00025,0.0244,2028
2028-09-01,192351.5048621297,0.00025,0.0244,2028
2028-10-01,192378.95868432522,0.00025,0.0244,2028
2028-11-01,192392.07770955563,0.00025,0.0244,2028
2028-12-01,192405.3381035924,0.00025,0.0244,2028
2029-01-01,192414.4341765046,0.00025,0.0244,2029
2029-02-01,192410.827252388,0.00025,0.0244,2029
2029-03-01,192405.82683575153,0.00025,0.0244,2029
2029-04-01,192400.6163854599,0.00025,0.0244,2029
2029-05-01,192391.79901105165,0.00025,0.0244,2029
2029-06-01,192385.92210781574,0.00025,0.0244,2029
2029-07-01,192383.5875029564,0.00025,0.0244,2029
2029-08-01,192381.68104362488,0.00025,0.0244,2029
2029-09-01,192382.4121223092,0.00025,0.0244,2029
2029-10-01,192385.16275537014,0.00025,0.0244,2029
2029-11-01,192387.29944390059,0.00025,0.0244,2029
2029-12-01,192389.52903193235,0.00025,0.0244,2029
2030-01-01,192391.60109472275,0.00025,0.0244,2030
2030-02-01,192392.27158677578,0.00025,0.0244,2030
2030-03-01,192392.29178231955,0.00025,0.0244,2030
2030-04-01,192392.00904470682,0.00025,0.0244,2030
2030-05-01,192391.0962061286,0.00025,0.0244,2030
2030-06-01,192390.16721111536,0.00025,0.0244,2030
2030-07-01,192389.54518836737,0.00025,0.0244,2030
2030-08-01,192389.0160651207,0.00025,0.0244,2030
2030-09-01,192388.77775770426,0.00025,0.0244,2030
2030-10-01,192388.89085274935,0.00025,0.0244,2030
2030-11-01,192389.0847299695,0.00025,0.0244,2030
2030-12-01,192389.35535025597,0.00025,0.0244,2030
2031-01-01,192389.67443984747,0.00025,0.0244,2031
2031-02-01,192389.89255172014,0.00025,0.0244,2031
2031-03-01,192390.00564676523,0.00025,0.0244,2031
2031-04-01,192390.06219428778,0.00025,0.0244,2031
2031-05-01,192390.01372498274,0.00025,0.0244,2031
2031-06-01,192389.92082548141,0.00025,0.0244,2031
2031-07-01,192389.81984776258,0.00025,0.0244,2031
2031-08-01,192389.72694826126,0.00025,0.0244,2031
2031-09-01,192389.6542443037,0.00025,0.0244,2031
2031-10-01,192389.62597054243,0.00025,0.0244,2031
2031-11-01,192389.62597054243,0.00025,0.0244,2031
2031-12-01,192389.6461660862,0.00025,0.0244,2031
2032-01-01,192389.68655717373,0.00025,0.0244,2032
2032-02-01,192389.7229091525,0.00025,0.0244,2032
2032-03-01,192389.75118291378,0.00025,0.0244,2032
2032-04-01,192389.7673393488,0.00025,0.0244,2032
2032-05-01,192389.77945667505,0.00025,0.0244,2032
2032-06-01,192389.77137845755,0.00025,0.0244,2032
2032-07-01,192389.7592611313,0.00025,0.0244,2032
2032-08-01,192389.74714380503,0.00025,0.0244,2032
2032-09-01,192389.73906558752,0.00025,0.0244,2032
2032-10-01,192389.7229091525,0.00025,0.0244,2032
2032-11-01,192389.7229091525,0.00025,0.0244,2032
2032-12-01,192389.7229091525,0.00025,0.0244,2032
2033-01-01,192389.7229091525,0.00025,0.0244,2033
2033-02-01,192389.73098737,0.00025,0.0244,2033
2033-03-01,192389.73502647877,0.00025,0.0244,2033
2033-04-01,192389.73906558752,0.00025,0.0244,2033
2033-05-01,192389.74310469627,0.00025,0.0244,2033
2033-06-01,192389.73906558752,0.00025,0.0244,2033
2033-07-01,192389.74310469627,0.00025,0.0244,2033
2033-08-01,192389.74310469627,0.00025,0.0244,2033
2033-09-01,192389.73906558752,0.00025,0.0244,2033
2033-10-01,192389.73906558752,0.00025,0.0244,2033
2033-11-01,192389.73906558752,0.00025,0.0244,2033
2033-12-01,192389.73098737,0.00025,0.0244,2033
2034-01-01,192389.73502647877,0.00025,0.0244,2034
2034-02-01,192389.73098737,0.00025,0.0244,2034
2034-03-01,192389.73098737,0.00025,0.0244,2034
2034-04-01,192389.73098737,0.00025,0.0244,2034
2034-05-01,192389.73502647877,0.00025,0.0244,2034
2034-06-01,192389.73906558752,0.00025,0.0244,2034
2034-07-01,192389.73906558752,0.00025,0.0244,2034
2034-08-01,192389.73906558752,0.00025,0.0244,2034
2034-09-01,192389.74310469627,0.00025,0.0244,2034
2034-10-01,192389.73906558752,0.00025,0.0244,2034
2034-11-01,192389.73906558752,0.00025,0.0244,2034
2034-12-01,192389.73906558752,0.00025,0.0244,2034
2035-01-01,192389.73906558752,0.00025,0.0244,2035
2035-02-01,192389.73502647877,0.00025,0.0244,2035
2035-03-01,192389.73906558752,0.00025,0.0244,2035
2035-04-01,192389.73502647877,0.00025,0.0244,2035
2035-05-01,192389.73502647877,0.00025,0.0244,2035
2035-06-01,192389.73906558752,0.00025,0.0244,2035
2035-07-01,192389.73098737,0.00025,0.0244,2035
2035-08-01,192389.73502647877,0.00025,0.0244,2035
2035-09-01,192389.73906558752,0.00025,0.0244,2035
2035-10-01,192389.72694826126,0.00025,0.0244,2035
2035-11-01,192389.74310469627,0.00025,0.0244,2035
2035-12-01,192389.73906558752,0.00025,0.0244,2035
