SK_MATRICULA,CD_SETOR_x,TP_COMPORTAMENTO_x,NN_MEDIA_CONSUMO_x,NN_CONSUMO_DIARIO_x,NN_MORADORES_ANALISE_x,NM_CENARIO,TP_NOVO_COMPORTAMENTO,NN_NOVA_MEDIA_CONSUMO,NN_NOVO_CONSUMO_DIARIO,NN_NOVO_MORADORES_ANALISE,MUDOU_COMPORTAMENTO,TIPO_MUDANCA,NM_LOCALIDADE,NM_CATEGORIATARIFARIA,NM_SITUACAO_IMOVEL,NN_MORADORES,NN_MORADORES_ANALISE_y,ST_PISCINA,LAT_GEO,LONG_GEO,X,Y,CD_SETOR_ORIGINAL,CD_SETOR_y,NN_MEDIA_CONSUMO_y,NN_CONSUMO_DIARIO_y,TP_COMPORTAMENTO_y,VL_RENDA_MEDIA_RESPONSAVEL,NN_MEDIA_MORADORES_IBGE
4261C1F3F32800A552C615B7B7DAEE87CE1590D7029C4AB7D82D75954C300C02,S068,AMBIENTALISTA,7.833333333333333,85.61020036429872,3.0,CVIII,MODERADO,9.805962830993938,107.16899268845832,3.0,True,AMBIENTALISTA → MODERADO,SALVADOR UMB,RESIDENCIAL,HABITADO,0,3,0,-12.948448282823248,-38.37206967866477,568108.8813697342,8568481.545833996,292740805090248,S068,7.833333333333333,85.61020036429872,AMBIENTALISTA,4839.78,2.6
4EB18EBD2FC391C4F21CC8BF3311FF60E7D0AC5828C3EF7A524FDAB0DCEE12D9,S068,AMBIENTALISTA,7.0,76.50273224043717,3.0,CVIII,MODERADO,10.895514256659926,119.07665854273144,3.0,True,AMBIENTALISTA → MODERADO,SALVADOR UMB,RESIDENCIAL,HABITADO,0,3,0,-12.947343029807223,-38.37109933839783,568214.4344319472,8568603.519100713,292740805090248,S068,7.0,76.50273224043717,AMBIENTALISTA,4839.78,2.6
4EF03995EA864C2E4CDF5B16D1DAEB487761F3424C736D578D4E0555CCDF79E3,S068,MODERADO,9.166666666666666,100.18214936247722,3.0,CVIII,PERDULARIO,11.984945832867586,130.98301456685886,3.0,True,MODERADO → PERDULARIO,SALVADOR UMB,RESIDENCIAL,HABITADO,0,3,0,-12.948430746590438,-38.37091502987448,568234.1304466749,8568483.177336436,292740805090248,S068,9.166666666666666,100.18214936247722,MODERADO,4839.78,2.6
8DB45AB8A9B386B77D8D6CECE4F8AD622F1275A0922936C164F4EFDA6F60EB97,S068,AMBIENTALISTA,8.75,95.62841530054644,3.0,CVIII,MODERADO,10.895514256659926,119.07665854273144,3.0,True,AMBIENTALISTA → MODERADO,SALVADOR UMB,RESIDENCIAL,HABITADO,0,3,0,-12.94875211975736,-38.37010951525921,568321.4167680733,8568447.420975808,292740805090248,S068,8.75,95.62841530054644,AMBIENTALISTA,4839.78,2.6
BB9CCC11A810E6ED49AD77949D5C781ED322A15203E9E6FF6016A358F8318FCD,S068,AMBIENTALISTA,6.25,68.30601092896175,3.0,CVIII,PERDULARIO,13.07461710799191,142.89199025127772,3.0,True,AMBIENTALISTA → PERDULARIO,SALVADOR UMB,RESIDENCIAL,HABITADO,0,3,0,-12.948792071178609,-38.37137160987147,568184.5071412026,8568443.33959484,292740805090248,S068,6.25,68.30601092896175,AMBIENTALISTA,4839.78,2.6
F2DC63CBEC26F62346BD34C4B66BA9A4A9F1D72F3AF08448EEE0D5673F09D0B3,S068,MODERADO,11.083333333333334,121.12932604735884,3.0,CVIII,PERDULARIO,12.07586163446475,131.97662988486067,3.0,True,MODERADO → PERDULARIO,SALVADOR UMB,RESIDENCIAL,HABITADO,0,3,0,-12.947213385296418,-38.37021948063373,568309.9080074686,8568617.62183834,292740805090248,S068,11.083333333333334,121.12932604735884,MODERADO,4839.78,2.6
0B399E22A129D2AE084747C23B8F25B6DF96528FC3EAFB2181559C22C4BCED98,S068,MODERADO,3.4166666666666665,112.02185792349728,1.0,CVIII,PERDULARIO,4.35820570266397,142.89199025127772,1.0,True,MODERADO → PERDULARIO,SALVADOR UMB,RESIDENCIAL,HABITADO,1,1,0,-12.946946061914051,-38.37031862850608,568299.2262196287,8568647.212106083,292740805090248,S068,3.4166666666666665,112.02185792349728,MODERADO,4839.78,2.6
4C228F0F21C2DDD1EE3963029C67A2DBC2052B1C5E2532CB5A8C0A91322653B6,S068,AMBIENTALISTA,3.0,98.36065573770492,1.0,CVIII,MODERADO,3.2686542769979776,107.16899268845827,1.0,True,AMBIENTALISTA → MODERADO,SALVADOR UMB,RESIDENCIAL,HABITADO,1,1,0,-12.947030566290625,-38.37096486981224,568229.1052572791,8568638.039133865,292740805090248,S068,3.0,98.36065573770492,AMBIENTALISTA,4839.78,2.6
83532B0318332D079D1109F0D0F725D5EE88B545CC02C08D1518293C1975C91A,S068,AMBIENTALISTA,2.4166666666666665,79.23497267759562,1.0,CVIII,PERDULARIO,4.35816212104276,142.89056134566428,1.0,True,AMBIENTALISTA → PERDULARIO,SALVADOR UMB,RESIDENCIAL,HABITADO,1,1,0,-12.948973191216284,-38.3712170107036,568201.227170724,8568423.267963676,292740805090248,S068,2.4166666666666665,79.23497267759562,AMBIENTALISTA,4839.78,2.6
B8D1814741B825F9C6EA4E1811C8F3659CA150529634E722E62575B9D4BAC605,S068,MODERADO,3.583333333333333,117.4863387978142,1.0,CVIII,PERDULARIO,4.35816212104276,142.89056134566428,1.0,True,MODERADO → PERDULARIO,SALVADOR UMB,RESIDENCIAL,HABITADO,1,1,0,-12.94889946659533,-38.37073566987371,568253.4579853152,8568431.292856066,292740805090248,S068,3.583333333333333,117.4863387978142,MODERADO,4839.78,2.6
C8444A37A63488C82BD1BB03D31551C77A672911FD93B8ACA48F17FD890A71BF,S068,MODERADO,3.083333333333333,101.0928961748634,1.0,CVIII,PERDULARIO,4.35816212104276,142.89056134566428,1.0,True,MODERADO → PERDULARIO,SALVADOR UMB,RESIDENCIAL,HABITADO,1,1,0,-12.94690438713495,-38.37037794401528,568292.8035974217,8568651.836838478,292740805090248,S068,3.083333333333333,101.0928961748634,MODERADO,4839.78,2.6
FEF158DF563EAF85A54BB37B1AB29E93277BEF8B4AE8A72EABCA8537B0BF21FD,S068,AMBIENTALISTA,3.0,98.36065573770492,1.0,CVIII,MODERADO,3.2686542769979776,107.16899268845827,1.0,True,AMBIENTALISTA → MODERADO,SALVADOR UMB,RESIDENCIAL,HABITADO,1,1,0,-12.948294444427097,-38.36989215692687,568345.1182535223,8568497.97804643,292740805090248,S068,3.0,98.36065573770492,AMBIENTALISTA,4839.78,2.6
2E6D4DECB4A27E93CDA8F531B0E2E3646B2416E669CEE54ED10A2128977FBEDD,S068,MODERADO,6.916666666666667,113.3879781420765,2.0,CVIII,PERDULARIO,8.716411405327941,142.89199025127772,2.0,True,MODERADO → PERDULARIO,SALVADOR UMB,RESIDENCIAL,HABITADO,2,2,0,-12.948447675876189,-38.37092620693362,568232.9134689323,8568481.308078513,292740805090248,S068,6.916666666666667,113.3879781420765,MODERADO,4839.78,2.6
35468331FBBAE9B3DEF820308D8D74DB7CB751812CA02C6E8C0E381CEDA683D8,S068,MODERADO,7.083333333333333,116.12021857923496,2.0,CVIII,PERDULARIO,7.717578756013216,126.5176845248068,2.0,True,MODERADO → PERDULARIO,SALVADOR UMB,RESIDENCIAL,HABITADO,2,2,0,-12.948248737881327,-38.37135137230306,568186.8500355838,8568503.422419084,292740805090248,S068,7.083333333333333,116.12021857923496,MODERADO,4839.78,2.6
53593E9DC65AEA51D13BFBC643E6C5FD4CB9A4CA1F6E11CA8ED1F7688A4E46A3,S068,AMBIENTALISTA,6.0,98.36065573770492,2.0,CVIII,MODERADO,6.537308553995955,107.16899268845827,2.0,True,AMBIENTALISTA → MODERADO,SALVADOR UMB,RESIDENCIAL,HABITADO,2,2,0,-12.948876929067737,-38.37007668585039,568324.943751717,8568433.609310003,292740805090248,S068,6.0,98.36065573770492,AMBIENTALISTA,4839.78,2.6
588A34A9BB2FC0981DEB3FCA45B45E4FE64FCE296444BA9F9B5CA851FC4F26CC,S068,AMBIENTALISTA,5.333333333333333,87.43169398907104,2.0,CVIII,PERDULARIO,8.71632424208552,142.89056134566428,2.0,True,AMBIENTALISTA → PERDULARIO,SALVADOR UMB,RESIDENCIAL,HABITADO,2,2,0,-12.947715992272412,-38.36984427615326,568350.4695232725,8568561.937341437,292740805090248,S068,5.333333333333333,87.43169398907104,AMBIENTALISTA,4839.78,2.6
602B2ADEF6613BF8E604445EFCFA8E0686485E149EC776D46A0AAF0E95D30571,S068,AMBIENTALISTA,4.5,73.77049180327869,2.0,CVIII,PERDULARIO,7.6268599796619485,125.030491469868,2.0,True,AMBIENTALISTA → PERDULARIO,SALVADOR UMB,RESIDENCIAL,HABITADO,2,2,0,-12.947672980707589,-38.3698222832058,568352.8668202532,8568566.68819078,292740805090248,S068,4.5,73.77049180327869,AMBIENTALISTA,4839.78,2.6
60E0635CE11B08BD5A642F506E4C9BFE9288DC1BA2F8026A5D9D56ECD4B8B106,S068,MODERADO,7.333333333333333,120.21857923497268,2.0,CVIII,PERDULARIO,7.989963888578391,130.98301456685886,2.0,True,MODERADO → PERDULARIO,SALVADOR UMB,RESIDENCIAL,HABITADO,2,2,0,-12.94817255067428,-38.37240350631419,568072.7460658641,8568512.12845214,292740805090248,S068,7.333333333333333,120.21857923497268,MODERADO,4839.78,2.6
65D30DD2CBFB6FBC54984ED806F1A674D15C9F43B5FC31C36B75B3B1B6FCF14B,S068,MODERADO,6.666666666666667,109.2896174863388,2.0,CVIII,PERDULARIO,10.895514256659926,178.61498781409716,2.0,True,MODERADO → PERDULARIO,SALVADOR UMB,RESIDENCIAL,HABITADO,2,2,0,-12.949076334263712,-38.37088587458522,568237.1172371428,8568411.772828933,292740805090248,S068,6.666666666666667,109.2896174863388,MODERADO,4839.78,2.6
992B8E24ECEFA1A3BFB4C6EE8DAB1EAC32F3A2B684F6A1951615FE2DE92D4FB5,S068,MODERADO,6.833333333333333,112.02185792349728,2.0,CVIII,PERDULARIO,7.4452680753842815,122.0535750062997,2.0,True,MODERADO → PERDULARIO,SALVADOR UMB,RESIDENCIAL,HABITADO,2,2,0,-12.94871049245366,-38.3712488260238,568197.8476254286,8568452.32878739,292740805090248,S068,6.833333333333333,112.02185792349728,MODERADO,4839.78,2.6
9E259B219560A153283AF6370CED858C4E58FCB687F483E755BC42F6C7625DBD,S068,MODERADO,7.25,118.85245901639344,2.0,CVIII,PERDULARIO,7.899247836078445,129.4958661652204,2.0,True,MODERADO → PERDULARIO,SALVADOR UMB,RESIDENCIAL,HABITADO,2,2,0,-12.94775390576316,-38.37014014746198,568318.366047149,8568557.823490376,292740805090248,S068,7.25,118.85245901639344,MODERADO,4839.78,2.6
CA8B7A1AA698AB15A3BECB7F59BA9DAC302928C2053AD442219FF09D1862B03D,S068,AMBIENTALISTA,5.333333333333333,87.43169398907104,2.0,CVIII,MODERADO,6.537308553995955,107.16899268845827,2.0,True,AMBIENTALISTA → MODERADO,SALVADOR UMB,RESIDENCIAL,HABITADO,2,2,0,-12.949281968374654,-38.369848468627175,568349.5879483734,8568388.754260799,292740805090248,S068,5.333333333333333,87.43169398907104,AMBIENTALISTA,4839.78,2.6
EE82D6A6C25FB4896900A4BF05DC498734C3F842D17E7AA43E4AE7833ABFE951,S068,MODERADO,7.0,114.75409836065572,2.0,CVIII,PERDULARIO,8.716411405327941,142.89199025127772,2.0,True,MODERADO → PERDULARIO,SALVADOR UMB,RESIDENCIAL,HABITADO,2,2,0,-12.947535226175347,-38.37024203398766,568307.3739837222,8568582.034889024,292740805090248,S068,7.0,114.75409836065572,MODERADO,4839.78,2.6
FDF008AD7F92A715A70FB19E26EF3FE582ED6310C4A9800F5B7F230091A8521D,S068,AMBIENTALISTA,5.666666666666667,92.89617486338798,2.0,CVIII,PERDULARIO,7.62678371182483,125.02924117745624,2.0,True,AMBIENTALISTA → PERDULARIO,SALVADOR UMB,RESIDENCIAL,HABITADO,2,2,0,-12.948080589167276,-38.372382498053845,568075.0497890626,8568522.293047737,292740805090248,S068,5.666666666666667,92.89617486338798,AMBIENTALISTA,4839.78,2.6
04112CB1CEA3F75692D52AC4069E6624064ACE44F2045157CA99FF06BD312ACC,S068,AMBIENTALISTA,8.166666666666666,89.25318761384335,3.0,CVIII,PERDULARIO,15.25356742364966,166.70565490327496,3.0,True,AMBIENTALISTA → PERDULARIO,SALVADOR UMB,RESIDENCIAL,HABITADO,3,3,0,-12.94813628672295,-38.37115457418047,568208.2272543901,8568515.806107001,292740805090248,S068,8.166666666666666,89.25318761384335,AMBIENTALISTA,4839.78,2.6
04BA65F5AFF7E6E1F910EE7540CC1601A252D6E28F69421D4AA528A9C5D76BDC,S068,AMBIENTALISTA,7.416666666666667,81.05646630236794,3.0,CVIII,PERDULARIO,11.984945832867586,130.98301456685886,3.0,True,AMBIENTALISTA → PERDULARIO,SALVADOR UMB,RESIDENCIAL,HABITADO,3,3,0,-12.94742957951641,-38.36999200512548,568334.5234083699,8568593.651741557,292740805090248,S068,7.416666666666667,81.05646630236794,AMBIENTALISTA,4839.78,2.6
1C3580F95FBB450144FA5C5E286947744E469D50C4B430B5A9D79FDF1A655598,S068,AMBIENTALISTA,6.833333333333333,74.68123861566485,3.0,CVIII,PERDULARIO,13.07461710799191,142.89199025127772,3.0,True,AMBIENTALISTA → PERDULARIO,SALVADOR UMB,RESIDENCIAL,HABITADO,3,3,1,-12.949292843531268,-38.37111927220251,568211.7418544777,8568387.890953204,292740805090248,S068,6.833333333333333,74.68123861566485,AMBIENTALISTA,4839.78,2.6
3E25426DFE4230696FD79D8C3BE60907F8EFCF20F8BD4A9DEC4B29DF1E0FF6C8,S068,AMBIENTALISTA,8.0,87.43169398907104,3.0,CVIII,PERDULARIO,11.984945832867586,130.98301456685886,3.0,True,AMBIENTALISTA → PERDULARIO,SALVADOR UMB,RESIDENCIAL,HABITADO,3,3,0,-12.947678057688522,-38.37094198736289,568231.4111653804,8568566.425773453,292740805090248,S068,8.0,87.43169398907104,AMBIENTALISTA,4839.78,2.6
4D785F7FF7AB2A7544E9C4E853CB6652E2C149850F5A59A4F77A8C1FF40B2C8E,S068,AMBIENTALISTA,8.416666666666666,91.9854280510018,3.0,CVIII,MODERADO,9.805864772346212,107.16792100924825,3.0,True,AMBIENTALISTA → MODERADO,SALVADOR UMB,RESIDENCIAL,HABITADO,3,3,0,-12.948082090550246,-38.37127960022112,568194.6804483851,8568521.833109882,292740805090248,S068,8.416666666666666,91.9854280510018,AMBIENTALISTA,4839.78,2.6
6562CCE67E28F11B814218D56FEBD7081CDB6513C05BF85280C1F060EC1EE83E,S068,MODERADO,10.0,109.2896174863388,3.0,CVIII,PERDULARIO,11.984945832867586,130.98301456685886,3.0,True,MODERADO → PERDULARIO,SALVADOR UMB,RESIDENCIAL,HABITADO,3,3,0,-12.946954209966565,-38.370790101861424,568248.0831561218,8568646.436880138,292740805090248,S068,10.0,109.2896174863388,MODERADO,4839.78,2.6
86B14BAE328025F59AB120A74F251B510ECE6A32700ECADD2E17A89AE027DBB1,S068,AMBIENTALISTA,5.166666666666667,56.46630236794172,3.0,CVIII,MODERADO,10.895405302606898,119.07546778805352,3.0,True,AMBIENTALISTA → MODERADO,SALVADOR UMB,RESIDENCIAL,HABITADO,3,3,0,-12.94862827090473,-38.371356345577865,568186.2073897042,8568461.45049563,292740805090248,S068,5.166666666666667,56.46630236794172,AMBIENTALISTA,4839.78,2.6
8ADA71B84F2A7CCF705EE308A3CDC31B5316C3441E774FA66DD08EA6616A19F9,S068,AMBIENTALISTA,7.166666666666667,78.32422586520948,3.0,CVIII,MODERADO,9.805864772346212,107.16792100924825,3.0,True,AMBIENTALISTA → MODERADO,SALVADOR UMB,RESIDENCIAL,HABITADO,3,3,0,-12.948832464249971,-38.3712978858874,568192.4929580094,8568438.85278889,292740805090248,S068,7.166666666666667,78.32422586520948,AMBIENTALISTA,4839.78,2.6
C8026DC3194B75C47AB826AFB94717C45DCD8D59D8058139C8659F8A96D29000,S068,MODERADO,10.166666666666666,111.1111111111111,3.0,CVIII,PERDULARIO,14.1641685336579,154.7996561055508,3.0,True,MODERADO → PERDULARIO,SALVADOR UMB,RESIDENCIAL,HABITADO,3,3,0,-12.947938380226978,-38.3720544198568,568110.6749741333,8568537.93282013,292740805090248,S068,10.166666666666666,111.1111111111111,MODERADO,4839.78,2.6
0435515B6ACAC87E5EF64F278DB0E01E68A49F0FB0BF24B59964B918E863B91E,S068,AMBIENTALISTA,11.75,96.31147540983606,4.0,CVIII,PERDULARIO,18.522374236321863,151.82273964198248,4.0,True,AMBIENTALISTA → PERDULARIO,SALVADOR UMB,RESIDENCIAL,HABITADO,4,4,0,-12.94826262304098,-38.372160297266205,568099.1024229273,8568502.10242269,292740805090248,S068,11.75,96.31147540983606,AMBIENTALISTA,4839.78,2.6
160042B79882E0E8D1E154310081F2F1F9A933DD19F5965EBA8CDA7156BC55B8,S068,AMBIENTALISTA,11.5,94.2622950819672,4.0,CVIII,MODERADO,12.529716097997929,102.70259096719614,4.0,True,AMBIENTALISTA → MODERADO,SALVADOR UMB,RESIDENCIAL,HABITADO,4,4,0,-12.948578879617065,-38.37227185241077,568086.9162065077,8568467.156745411,292740805090248,S068,11.5,94.2622950819672,AMBIENTALISTA,4839.78,2.6
40CE1BEF578800CE6D806D10050531CA7B6E93F2B825A18106007759E20566AA,S068,AMBIENTALISTA,11.5,94.2622950819672,4.0,CVIII,MODERADO,12.52984139515891,102.70361799310582,4.0,True,AMBIENTALISTA → MODERADO,SALVADOR UMB,RESIDENCIAL,HABITADO,4,4,0,-12.947496947483964,-38.3699724926224,568336.6215746095,8568586.196179133,292740805090248,S068,11.5,94.2622950819672,AMBIENTALISTA,4839.78,2.6
443617AD1CB669C4E98830497F4B870E1FF7A3C6D9364AECF6EDB197A8286BF1,S068,AMBIENTALISTA,12.0,98.36065573770492,4.0,CVIII,MODERADO,13.07461710799191,107.16899268845827,4.0,True,AMBIENTALISTA → MODERADO,SALVADOR UMB,RESIDENCIAL,HABITADO,4,4,0,-12.948435915056912,-38.37070394826805,568257.024984003,8568482.549404874,292740805090248,S068,12.0,98.36065573770492,AMBIENTALISTA,4839.78,2.6
446B5702CE42D18DDEAEBB63BFD3C62761303C88A9ED112F5F0573B40EC0962C,S068,AMBIENTALISTA,11.416666666666666,93.5792349726776,4.0,CVIII,MODERADO,12.439045443020076,101.95938887721373,4.0,True,AMBIENTALISTA → MODERADO,SALVADOR UMB,RESIDENCIAL,HABITADO,4,4,0,-12.946775776865785,-38.3705805238068,568270.8647154863,8568666.114177587,292740805090248,S068,11.416666666666666,93.5792349726776,AMBIENTALISTA,4839.78,2.6
47C96630FFB0A3064E3C5A37AADBF55142B88624A35BF51539C24990CFA432BE,S068,AMBIENTALISTA,8.833333333333334,72.40437158469946,4.0,CVIII,PERDULARIO,34.86529696834208,285.78112269132856,4.0,True,AMBIENTALISTA → PERDULARIO,SALVADOR UMB,RESIDENCIAL,HABITADO,4,4,0,-12.947669727849863,-38.37004325756728,568328.8986228192,8568567.106991202,292740805090248,S068,8.833333333333334,72.40437158469946,AMBIENTALISTA,4839.78,2.6
4E475D606DA3BF9A7BC9EDBB06293553ADF06C1F3212C848162F27A6072C3EFA,S068,MODERADO,13.416666666666666,109.9726775956284,4.0,CVIII,PERDULARIO,17.43264848417104,142.89056134566428,4.0,True,MODERADO → PERDULARIO,SALVADOR UMB,RESIDENCIAL,HABITADO,4,4,0,-12.947921173249416,-38.372357808400665,568077.7711448632,8568539.916567815,292740805090248,S068,13.416666666666666,109.9726775956284,MODERADO,4839.78,2.6
6988AB9D370B7768026C3189E72D580AC666A7FF2ED7F65C1C3E245F0646576B,S068,MODERADO,14.5,118.85245901639344,4.0,CVIII,PERDULARIO,15.79849567215689,129.4958661652204,4.0,True,MODERADO → PERDULARIO,SALVADOR UMB,RESIDENCIAL,HABITADO,4,4,0,-12.947346811812896,-38.37162972597783,568156.9022146525,8568603.24227556,292740805090248,S068,14.5,118.85245901639344,MODERADO,4839.78,2.6
760459B6FC4F17E08FC3BE3FEE92865CBDDD3FFAA12BC36A3065F4C277DAD388,S068,AMBIENTALISTA,9.916666666666666,81.28415300546447,4.0,CVIII,PERDULARIO,18.52218901443172,151.82122142976817,4.0,True,AMBIENTALISTA → PERDULARIO,SALVADOR UMB,RESIDENCIAL,HABITADO,4,4,0,-12.949136345146115,-38.37111762057908,568211.9635759257,8568405.197956318,292740805090248,S068,9.916666666666666,81.28415300546447,AMBIENTALISTA,4839.78,2.6
7810C193DDDDDA14A4DA9916996819CD829BC85E1165AC9F24059AC005A04D7C,S068,AMBIENTALISTA,9.916666666666666,81.28415300546447,4.0,CVIII,MODERADO,13.07461710799191,107.16899268845827,4.0,True,AMBIENTALISTA → MODERADO,SALVADOR UMB,RESIDENCIAL,HABITADO,4,4,0,-12.946948926153146,-38.370614606944265,568267.1205758171,8568646.974381067,292740805090248,S068,9.916666666666666,81.28415300546447,AMBIENTALISTA,4839.78,2.6
CC5C478F99043C74D118CD14B01858A6266FED34987367EF5F1F1C8A9C8DB297,S068,AMBIENTALISTA,11.916666666666666,97.67759562841528,4.0,CVIII,MODERADO,12.983691318939885,106.42369933557282,4.0,True,AMBIENTALISTA → MODERADO,SALVADOR UMB,RESIDENCIAL,HABITADO,4,4,0,-12.948183973263028,-38.372199300331374,568094.89312908,8568510.810831558,292740805090248,S068,11.916666666666666,97.67759562841528,AMBIENTALISTA,4839.78,2.6
F16493E2C4D0B3FB709F02245B6BAD6872F88A4ACD9155765C1B156F8B903836,S068,AMBIENTALISTA,12.166666666666666,99.72677595628414,4.0,CVIII,PERDULARIO,27.23878564164982,223.26873476762145,4.0,True,AMBIENTALISTA → PERDULARIO,SALVADOR UMB,RESIDENCIAL,HABITADO,4,4,0,-12.948064277559752,-38.37134632386038,568187.44779373,8568523.82087596,292740805090248,S068,12.166666666666666,99.72677595628414,AMBIENTALISTA,4839.78,2.6
FD4B049ADB9552D0F60A5F6195BFE19C096E620812AAD7BCE7870C5D008CC05C,S068,MODERADO,13.75,112.70491803278688,4.0,CVIII,PERDULARIO,19.611925661987875,160.7534890326875,4.0,True,MODERADO → PERDULARIO,SALVADOR UMB,RESIDENCIAL,HABITADO,4,4,0,-12.947467054565925,-38.3710624678544,568218.400047524,8568589.79314029,292740805090248,S068,13.75,112.70491803278688,MODERADO,4839.78,2.6
0F10D08E50359088761E8B6D6851B2E66BF195B0C03C349313E99CFC59CC3424,S068,AMBIENTALISTA,13.0,85.24590163934427,5.0,CVIII,MODERADO,17.43264848417104,114.3124490765314,5.0,True,AMBIENTALISTA → MODERADO,SALVADOR UMB,RESIDENCIAL,HABITADO,5,5,0,-12.94776555391378,-38.37157295300252,568162.9465736928,8568556.91769377,292740805090248,S068,13.0,85.24590163934427,AMBIENTALISTA,4839.78,2.6
33D80215F35EAFDF9E8B50B8F54D855068A48611625199E9563C2661D8662501,S068,AMBIENTALISTA,14.333333333333334,93.98907103825138,5.0,CVIII,PERDULARIO,32.68621590782068,214.3358420184963,5.0,True,AMBIENTALISTA → PERDULARIO,SALVADOR UMB,RESIDENCIAL,HABITADO,5,5,0,-12.949179277739312,-38.37217549981003,568097.2044860073,8568400.731967859,292740805090248,S068,14.333333333333334,93.98907103825138,AMBIENTALISTA,4839.78,2.6
396CA3D6D86E0D325960B9D762F1FDACF69233B5838203FBC9CD88F7765D4B36,S068,MODERADO,17.833333333333332,116.93989071038251,5.0,CVIII,PERDULARIO,19.611925661987875,128.60279122615,5.0,True,MODERADO → PERDULARIO,SALVADOR UMB,RESIDENCIAL,HABITADO,5,5,0,-12.948997466374296,-38.36995769218394,568337.8180810397,8568420.247063033,292740805090248,S068,17.833333333333332,116.93989071038251,MODERADO,4839.78,2.6
7F729B7D12BC63F3335B0F0EB89D4AEBCEAA9194A025978E41B5E5968A665327,S068,AMBIENTALISTA,14.333333333333334,67.13505074160813,7.0,CVIII,PERDULARIO,34.865645621311764,163.30513171574597,7.0,True,AMBIENTALISTA → PERDULARIO,SALVADOR UMB,RESIDENCIAL,HABITADO,7,7,0,-12.94689185955026,-38.370877008911904,568238.6732891478,8568653.35551991,292740805090248,S068,14.333333333333334,67.13505074160813,AMBIENTALISTA,4839.78,2.6
C1E52D1D724979DB7E42D1F2CAF7B12D441E4CBD903B47E3203BE50516196CA0,S068,MODERADO,7.333333333333333,120.21857923497268,2.0,CVIII,PERDULARIO,9.805962830993938,160.7534890326875,2.0,True,MODERADO → PERDULARIO,SALVADOR UMB,RESIDENCIAL,HABITADO,2,2,0,-12.946964745052409,-38.37021105063512,568310.8901331774,8568645.117167337,292740805090248,S068,7.333333333333333,120.21857923497268,MODERADO,4839.78,2.6
23C83786A116320B5FB091AA3CA8065CA9F3F68C19D7EF8627B0A9FB793AF2BA,S068,AMBIENTALISTA,8.75,95.62841530054644,3.0,CVIII,PERDULARIO,15.253719959323895,166.707321959824,3.0,True,AMBIENTALISTA → PERDULARIO,SALVADOR UMB,RESIDENCIAL,HABITADO,3,3,0,-12.948646730855884,-38.3713725242774,568184.4474744095,8568459.413290543,292740805090248,S068,8.75,95.62841530054644,AMBIENTALISTA,4839.78,2.6
389D143CFDBEA6DBF5377645EF41C7D84D25E41C6BEBE0004D9A6CC70DFA8D31,S068,AMBIENTALISTA,12.0,98.36065573770492,4.0,CVIII,MODERADO,13.07461710799191,107.16899268845827,4.0,True,AMBIENTALISTA → MODERADO,SALVADOR UMB,RESIDENCIAL,HABITADO,4,4,0,-12.948795078370042,-38.36994887171859,568338.8299867465,8568442.62717041,292740805090248,S068,12.0,98.36065573770492,AMBIENTALISTA,4839.78,2.6
53ADC2719253BA1AF214E3FE18DD687808704161B43BB8DF4253D0C46D0E0277,S068,MODERADO,24.75,115.92505854800936,7.0,CVIII,PERDULARIO,26.96612812395205,126.30504976089954,7.0,True,MODERADO → PERDULARIO,SALVADOR UMB,RESIDENCIAL,HABITADO,7,7,0,-12.948130909770144,-38.37143435154046,568177.8813359039,8568516.4753723,292740805090248,S068,24.75,115.92505854800936,MODERADO,4839.78,2.6
4E7BE0F80431B3902CF2FBF1BE6263F95E66009D7E344F1E21283871E891BBEF,S068,MODERADO,27.83333333333333,101.39647844565876,9.0,CVIII,PERDULARIO,39.22385132397575,142.89199025127778,9.0,True,MODERADO → PERDULARIO,SALVADOR UMB,RESIDENCIAL,HABITADO,9,9,0,-12.949150345145464,-38.37080678191602,568245.6762252708,8568403.56671829,292740805090248,S068,27.83333333333333,101.39647844565876,MODERADO,4839.78,2.6
96F7A9692F6615DED4CF652410D079D24E6F935D638DB4315E11B82D7D089B8B,S068,MODERADO,63.75,104.50819672131148,20.0,CVIII,PERDULARIO,75.17904837095355,123.24434159172714,20.0,True,MODERADO → PERDULARIO,SALVADOR UMB,RESIDENCIAL,HABITADO,20,20,0,-12.949017643670238,-38.371458526127775,568175.018055379,8568418.41629859,292740805090248,S068,63.75,104.50819672131148,MODERADO,4839.78,2.6
448C092629DF88DE9D350AFD8410109876D8BBB6F300668FDBD1AF35A3BE2CAD,S068,MODERADO,65.33333333333333,112.74086856485476,19.0,CVIII,PERDULARIO,87.16324242085518,150.41111720596237,19.0,True,MODERADO → PERDULARIO,SALVADOR UMB,RESIDENCIAL,HABITADO,19,19,0,-12.948665445323146,-38.37177151143133,568141.1644425263,8568457.449992748,292740805090248,S068,65.33333333333333,112.74086856485476,MODERADO,4839.78,2.6
AD8A96CAEED36F7A8A34EFD17ADE0C27221D53784BE6DEC7636707D716D6A9BF,S068,AMBIENTALISTA,667.8333333333334,99.52806756085444,220.0,CVIII,PERDULARIO,962.073908863072,143.37912203622537,220.0,True,AMBIENTALISTA → PERDULARIO,SALVADOR UMB,RESIDENCIAL,HABITADO,220,220,0,-12.949613821512475,-38.37025287972536,568305.631371355,8568352.162087979,292740805090248,S068,667.8333333333334,99.52806756085444,AMBIENTALISTA,4839.78,2.6
