Mes;Ano;Mes_Ano;CI_Pop_Uniforme;CII_Ambientalistas;CIII_Perdularios;CIV_PopUnif_RendaLinear;CV_PopUnif_RendaEquilibrio;CVI_PopUnif_RendaDesequilibrio;CVII_PopAleat_RendaLinear;CVIII_PopAleat_RendaEquilibrio;CIX_PopAleat_RendaDesequilibrio;CX_Ambient_RendaLinear;CXI_Ambient_RendaEquilibrio;CXII_Ambient_RendaDesequilibrio;CXIII_Perdul_RendaLinear;CXIV_Perdul_RendaEquilibrio;CXV_Perdul_RendaDesequilibrio;CXVI_PopUnif_RendaAleatLinear;CXVII_PopUnif_RendaAleatEquilibrio;CXVIII_PopUnif_RendaAleatDesequilibrio
1;2025;1/2025;179755,0501476814;179718,982118649;179742,83869665267;179755,0501476814;179755,0501476814;179755,0501476814;179742,38804369778;179742,38804369778;179742,38804369778;179718,982118649;179718,982118649;179718,982118649;179742,83869665267;179742,83869665267;179742,83869665267;178809,09931920125;178877,31504432118;179353,84571428777
2;2025;2/2025;179799,9889102181;179727,8438351474;179775,56295529832;179799,9889102181;179799,9889102181;179799,9889102181;179787,32364070995;179787,32364070995;179787,32364070995;179727,8438351474;179727,8438351474;179727,8438351474;179775,56295529832;179775,56295529832;179775,56295529832;179698,78874090422;179756,38023351502;179770,04259536255
3;2025;3/2025;179844,93890744777;179736,70776707729;179808,29539500896;179844,93890744777;179844,93890744777;179844,93890744777;179832,2704716209;179832,2704716209;179832,2704716209;179736,70776707729;179736,70776707729;179736,70776707729;179808,29539500896;179808,29539500896;179808,29539500896;179196,20247033474;178620,18226427966;179189,88353798224
4;2025;4/2025;179889,900142174;179745,57391498712;179841,03601783077;179889,900142174;179889,900142174;179889,900142174;179877,228539239;179877,228539239;179877,228539239;179745,57391498712;179745,57391498712;179745,57391498712;179841,03601783077;179841,03601783077;179841,03601783077;179630,75917428953;179308,69372903978;179673,1372304443
5;2025;5/2025;179934,8726172079;179754,44227943372;179873,78482580636;179934,8726172079;179934,8726172079;179934,8726172079;179922,19784637325;179922,19784637325;179922,19784637325;179754,44227943372;179754,44227943372;179754,44227943372;179873,78482580636;179873,78482580636;179873,78482580636;179405,14978405726;179138,47823218085;179576,84290557128
6;2025;6/2025;179979,85633536382;179763,31286097324;179906,54182098582;179979,85633536382;179979,85633536382;179979,85633536382;179967,1783958346;179967,1783958346;179967,1783958346;179763,31286097324;179763,31286097324;179763,31286097324;179906,54182098582;179906,54182098582;179906,54182098582;180036,04676168395;180552,5278524506;179248,99464078166
7;2025;7/2025;180024,8512994473;179772,1856601574;179939,30700541247;180024,8512994473;180024,8512994473;180024,8512994473;180012,17019043423;180012,17019043423;180012,17019043423;179772,1856601574;179772,1856601574;179772,1856601574;179939,30700541247;179939,30700541247;179939,30700541247;179789,24320950877;179124,98149185852;179271,5964881061
8;2025;8/2025;180069,8575122713;179781,06067754145;179972,08038113595;180069,8575122713;180069,8575122713;180069,8575122713;180057,17323298124;180057,17323298124;180057,17323298124;179781,06067754145;179781,06067754145;179781,06067754145;179972,08038113595;179972,08038113595;179972,08038113595;179727,93074919237;180158,9917185176;180235,72249358575
9;2025;9/2025;180114,87497665006;179789,93791368062;180004,861950202;180114,87497665006;180114,87497665006;180114,87497665006;180102,18752628885;180102,18752628885;180102,18752628885;179789,93791368062;179789,93791368062;179789,93791368062;180004,861950202;180004,861950202;180004,861950202;179710,22538807942;179368,10778555003;180152,23863623253
10;2025;10/2025;180159,90369539472;179798,81736912768;180037,65171466212;180159,90369539472;180159,90369539472;180159,90369539472;180147,21307317173;180147,21307317173;180147,21307317173;179798,81736912768;179798,81736912768;179798,81736912768;180037,65171466212;180037,65171466212;180037,65171466212;180205,465519605;180137,17540723342;179550,878268068
11;2025;11/2025;180204,9436713173;179807,69904443933;180070,4496765618;180204,9436713173;180204,9436713173;180204,9436713173;180192,2498764401;180192,2498764401;180192,2498764401;179807,69904443933;179807,69904443933;179807,69904443933;180070,4496765618;180070,4496765618;180070,4496765618;179612,0333138733;179377,58282022004;179130,80761236002
12;2025;12/2025;180249,9949072346;179816,5829401682;180103,25583795374;180249,9949072346;180249,9949072346;180249,9949072346;180237,29793890682;180237,29793890682;180237,29793890682;179816,5829401682;179816,5829401682;179816,5829401682;180103,25583795374;180103,25583795374;180103,25583795374;180507,02531132798;179779,53138151296;179986,46347396696
1;2026;1/2026;180291,45240606193;179824,75816753638;180133,4450518485;182486,48583158874;182557,5397085262;182559,35646009573;182474,66170909267;182545,71097917456;182547,5279826513;180211,69309356256;180225,99342522508;180222,00657829567;181790,21405221586;181841,68161640514;181848,55891374458;180466,212283267;180153,69385937531;180606,1342353601
2;2026;2/2026;180332,91944011944;179832,9352752083;180163,64120926676;182528,45772332835;182599,52794265797;182601,34511207914;182516,63088128637;182587,69649269982;182589,51391408834;180219,95919626413;180234,2628170032;180230,27505309918;181820,79126650214;181872,27066823188;181879,1495473481;181188,47584936398;179984,07088493125;181012,36427767473
3;2026;3/2026;180374,39601158936;179841,11426361266;180193,84431179817;182570,43926860514;182641,5258340855;182643,34342145716;182558,60970638818;182629,69166289308;182631,50950228795;180228,22720017112;180242,53411074326;180238,54542965448;181851,37551354768;181902,86675553978;181909,74721679869;179950,24157045444;179842,46358060036;181414,1355678707
4;2026;4/2026;180415,88212267248;179849,29513318476;180224,05436104492;182612,43046963634;182683,5333850269;182685,35139044252;182600,5981866201;182671,6964919749;182673,51474947287;180236,49710571917;180250,80730687996;180246,8177083944;181881,96679496873;181933,46987994734;181940,35192371177;180944,23586028296;180083,7912990856;180344,23084295756
5;2026;5/2026;180457,37777555984;179857,47788435797;180254,27135860035;182654,4313286449;182725,55059770515;182727,36902126178;182642,5963242038;182713,71098216833;182715,5296578652;180244,76891334442;180259,0824058515;180255,09188975807;181912,5651123867;181964,08004307415;181970,9636697084;181203,50485605138;180329,82599193737;181377,64709712297
6;2026;6/2026;180498,8829724489;179865,66251756295;180284,4953060677;182696,44184785095;182767,57747434246;182769,3963161378;182684,60412135895;182755,73513569383;182757,55422968703;180253,0426234863;180267,35940809708;180263,36797418486;181943,17046741748;181994,69724653783;182001,58245640737;180619,32276241062;181036,49904227536;181288,28480611477
7;2026;7/2026;180540,39771553295;179873,84903323255;180314,72620504358;182738,46202947528;182809,61401716206;182811,43327729116;182726,62158030522;182797,76895477436;182799,58846715942;180261,3182365817;180275,63831405234;180271,64596211122;181973,7828616778;182025,32149195886;182032,208285426;180856,05094244104;180803,47349060414;179656,11578123388
8;2026;8/2026;180581,92200700688;179882,03743180222;180344,96405712355;182780,49187574245;182851,6602283853;182853,4799069431;182768,64870326995;182839,8124416348;182841,63237250707;180269,5957530675;180283,91912415615;180279,9258539732;182004,40229679053;182055,95278095556;182062,84115838533;180710,41225084115;179532,59489047786;180618,34301624013
9;2026;9/2026;180623,45584906894;179890,2277137032;180375,2088639132;182822,53138887323;182893,71611023857;182895,53620732282;182810,68549247112;182881,86559849622;182883,68594795268;180277,8751733821;180292,20183884655;180288,20765021132;182035,0287743723;182086,59111514955;182093,48107690638;181047,34942531207;180820,73254104005;181705,55046702304
10;2026;10/2026;180664,99924391494;179898,419879369;180405,4606270045;182864,58057109246;182935,78166494292;182937,6021806509;182852,7319501332;182923,92842758345;182925,74919572088;180286,1564979639;180300,48645856048;180296,4913512625;182065,66229604444;182117,2364961598;182124,1280426084;180695,01892623524;180250,0271157209;181599,2425422863
11;2026;11/2026;180706,55219374225;179906,61392923293;180435,71934800383;182906,6394246245;182977,85689472625;182979,67782915177;182894,78807848392;182966,0009311219;182967,82211803642;180294,43972724973;180308,7729837375;180304,77695756513;182096,3028634273;182147,8889256085;182154,78205711162;180837,57351236668;180991,25335256415;181009,99998001228
12;2026;12/2026;180748,11470074387;179914,80986372786;180465,98502850597;182948,70795169278;183019,94180181282;183021,76315505346;182936,85387974087;183008,08311133587;183009,9047171233;180302,72486167884;180317,06141481586;180313,0644695573;182126,95047814038;182178,54840511564;182185,44312203923;180896,63983808522;181152,82748495173;180955,3743318024
1;2027;1/2027;180784,26432368514;179921,93840247445;180492,30906469093;185692,56873788626;185851,78767611485;185865,11127263773;185682,10833478314;185841,3181854036;185854,64162781127;180787,16185799544;180818,5620189561;180810,47425763964;184197,0028079617;184313,43448143828;184336,7883097397;181306,45019010277;179828,5984016403;180769,1871290396
2;2027;2/2027;180820,42117654742;179929,06836693053;180518,63836567907;185729,70725163462;185888,95803364948;185902,28429489414;185719,24475644995;185878,48644903972;185891,8125561379;180794,46486714197;180825,87130813499;180817,78192926705;184224,07304770182;184340,52800751157;184363,88650658002;180977,64375266252;180729,66175095382;180976,42315031122
3;2027;3/2027;180856,58526078353;179936,1997573792;180544,97293253028;185766,8531930863;185926,135825257;185939,4647517529;185756,388605403;185915,6621463305;185928,99091864933;180801,76933689142;180833,18205917213;180825,09106242753;184251,1487014898;184367,62695229094;184390,9901230595;180754,8714382391;181420,42364932943;180288,4392303513
4;2027;4/2027;180892,7565778363;179943,3325741056;180571,31276629522;185804,00656372463;185963,3210524225;185976,65264470456;185793,53988312377;185952,84527875902;185966,17671683346;180809,0752675333;180840,49427236;180832,4016574159;184278,22977040792;184394,73131685858;184418,0991602621;180895,142627952;180735,90897836318;180122,42372935652
5;2027;5/2027;180928,9351291519;179950,4668173964;180597,6578680257;185841,1673650372;186000,5137166324;186013,84797523313;185830,69859110026;185990,03584781545;186003,36995217754;180816,38265936263;180847,80794798915;180839,7137145231;184305,31625553884;184421,8411022998;184445,2136192711;181394,48513575454;180725,57435935776;181879,20806966163
6;2027;6/2027;180965,12091617793;179957,60248753562;180624,00823877644;185878,33559851142;186037,71381937643;186051,05074482842;185867,8647308195;186027,2338549858;186040,5706261676;180823,69151267037;180855,12308635443;180847,0272340407;184332,40815796782;184448,95630969788;184472,33350117327;181214,40128142558;180683,9993129069;181207,8161446958
7;2027;7/2027;181001,3139403599;179964,7395848078;180650,36387960127;185915,5112656301;186074,92136214048;186088,2609549785;185905,03830376462;186064,43930175563;186077,77874029326;180831,0018277477;180862,4396877473;180854,3422162635;184359,50547877635;184476,07694013696;184499,45880705092;181808,14119798806;180306,82941151856;181524,0008919828
8;2027;8/2027;181037,51420315282;179971,87810950252;180676,72479155607;185952,69436788306;186112,1363464126;186125,4786071687;185942,21931142613;186101,6521896174;186114,99429604242;180838,31360488874;180869,75775245993;180861,65866148166;184386,60821904923;184503,2029947023;184526,58953798958;182111,1204717525;181527,83974893845;180388,32459770903
9;2027;9/2027;181073,72170598962;179979,01806189847;180703,09097569046;185989,88490675692;186149,35877368203;186162,70370289;185979,40775528713;186138,87252005376;186152,21729489992;180845,62684438485;180877,0772807861;180868,97656998897;184413,71637987092;184530,334474479;184553,7256950748;181389,6951501824;181029,13205345627;181477,41984549983
10;2027;10/2027;181109,9364503299;179986,15944228377;180729,46243306398;186027,08288373778;186186,58864543514;186199,93624362967;186016,60363683963;186176,100294558;186189,44773835907;180852,94154652915;180884,39827301656;180876,29594207887;184440,829962324;184557,47138055065;184580,8672793902;181207,88188052512;180234,39744042265;181008,31056210058
11;2027;11/2027;181146,15843762286;179993,30225095054;180755,83916472795;186064,2883003154;186223,82596316544;186237,17623087883;186053,80695756598;186213,3355146166;186226,68562790612;180860,2577116134;180891,72072944665;180883,61677804246;184467,94896749518;184584,6137140053;184608,01429202393;182079,24140115076;181035,15619583728;181778,6262123254
12;2027;12/2027;181182,38766930733;180000,44648817586;180782,22117173517;186101,50115797448;186261,07072835686;186274,42366612412;186091,0177189579;186250,57818171973;186263,93096503182;180867,57533993127;180899,04465036746;180890,9390781729;184495,07339646475;184611,76147592475;184635,16673405946;181824,6490149605;181315,15125420794;181353,24221953898
1;2028;1/2028;181215,00049908872;180006,87758764048;180805,969726808;188743,7902504806;188990,75848889104;189015,56677316208;188734,22305195828;188981,178559125;189005,98636914592;181334,0335533004;181382,45803842755;181370,2816430516;186488,55538830263;186669,63862871774;186709,43164844313;181495,1449900062;181637,8773352514;180802,59657622993
2;2028;2/2028;181247,61919917908;180013,3098447045;180829,72255661912;188777,76413272493;189024,77682541832;189049,58957518046;188768,19521210718;189015,1951712664;189040,0074466918;181340,70469843716;181389,13789997072;181376,9593128449;186513,33108353204;186694,4469189312;186734,24710139952;180621,04092242423;181162,53468892153;181946,26047618384
3;2028;3/2028;181280,24377063118;180019,7432595724;180853,47966193742;188811,7441302672;189058,80128524647;189083,6185013033;188802,17348724452;189049,21790639564;189074,03464803228;181347,37704438058;181395,81896389124;181383,63818461908;186538,11123838538;186719,2596746352;186759,06702113675;181735,95891483178;181338,0165413804;181323,97921714684
4;2028;4/2028;181312,87421452237;180026,1778324687;180877,2410435363;188845,73024421264;189092,83186947808;189117,6535526345;188836,15787847288;189083,24676561958;189108,067974269;181354,0505913467;181402,50123040233;181390,31825859065;186562,89585366967;186744,0768966367;186783,8914084605;181793,14507311422;182288,4284496934;181412,2303054403
5;2028;5/2028;181345,51053187356;180032,61356356644;180901,00670218677;188879,72247565442;189126,8685792145;189151,6947302727;188870,14838688966;189117,2817500372;189142,10742650324;181360,72533954948;181409,18469972166;181396,99953497417;186587,68493018212;186768,89858573748;186808,7202641728;181770,04551444316;181652,05531920525;181804,61374360154
6;2028;6/2028;181378,15272376736;180039,05045310452;180924,77663865167;188913,72082570323;189160,91141555907;189185,74203532696;188904,1450136017;189151,32286075247;189176,153005842;181367,40128921;181415,86937206518;181403,682013989;186612,478468731;186793,72474274354;186833,55358908235;181323,18367637432;181150,12447426558;180355,4068078374
7;2028;7/2028;181410,80079125735;180045,48850128392;180948,55085370643;188947,72529544978;189194,9603796129;189219,7954688915;188938,14775970313;189185,37009886646;189210,20471338282;181374,0784405393;181422,55524764935;181410,36569584883;186637,2764701137;186818,55536845708;186858,39138398733;180279,86882134006;181584,23967302276;181230,24461899488
8;2028;8/2028;181443,45473540164;180051,9277083142;180972,3293481192;188981,73588600277;189229,0154724809;189253,8550320762;188972,15662629958;189219,42346548435;189244,26255023092;181380,75679375647;181429,24232669245;181417,05058077181;186662,07893513766;186843,39046368154;186883,233649696;181494,47853549785;182026,01454788542;180909,57216657494
9;2028;9/2028;181476,11455725261;180058,36807439718;180996,11212266242;189015,75259846295;189263,07669526731;189287,92072598252;189006,17161449254;189253,48296170885;189278,3265174897;181387,43634907747;181435,93060940923;181423,7366689745;186686,88586460633;186868,23002922576;186908,08038701295;182038,702250902;181874,14569057216;181533,02096182658
10;2028;10/2028;181508,78025787196;180064,80959974957;181019,8991781028;189049,77543392993;189297,14404907174;189321,99255171203;189040,19272538272;189287,54858864145;189312,39661626305;181394,11710671743;181442,62009601636;181430,42396067185;186711,69725932137;186893,07406589043;186932,93159674184;181311,01864050026;180703,79630631217;181678,77111129998
11;2028;11/2028;181541,45183831817;180071,25228457438;181043,6905152153;189083,8043935079;189331,21753500096;189356,070510371;189074,21996007263;189321,62034738762;189346,4728476529;181400,7990668941;181449,31078673163;181437,11245608266;186736,51312008803;186917,9225744822;186957,7872796889;181087,9829033484;182048,30130700878;181307,0927786578
12;2028;12/2028;181574,12929965212;180077,69612908433;181067,48613476884;189117,83947829902;189365,29715415504;189390,15460306345;189108,2533196661;189355,69823904886;189380,55521276552;181407,4822298244;181456,00268176975;181443,80215542272;186761,33344770936;186942,7755558046;186982,64743665894;181159,2401228892;181598,87618457884;181176,13842836083
1;2029;1/2029;181603,18116034006;180083,42502188572;181088,6416038924;191643,70993756969;191980,87817027044;192024,36456705726;191635,07664535666;191972,22945855456;192015,71488788055;181853,34397368104;181918,40759460296;181902,87949378384;188667,03955992038;188915,63234917136;188978,05896317225;180751,80965744078;181159,91158229014;180488,1253337218
2;2029;2/2029;181632,2376693244;180089,15483130797;181109,80045789125;191674,37293115942;192011,59511077605;192055,08846538677;191665,73825761906;192002,94501526657;192046,43740226282;181859,35697013667;181924,4310012375;181908,90041592243;188689,41095759213;188938,04352168847;189000,48012394793;181270,38304219313;181356,09240059124;181662,99546267863
3;2029;3/2029;181661,29882735037;180094,8855574994;181130,96269730662;191705,0408308288;192042,31696599518;192085,8172795414;191696,40477574075;192033,6654864695;192077,1648322467;181865,3709286725;181930,45537161862;181914,92230140913;188711,78593468762;188960,45827999478;189022,9048721102;181938,2327471935;182213,2390647405;181789,95684166794
4;2029;4/2029;181690,36463516374;180100,6172006101;181152,12832267975;191735,71363736124;192073,04373671;192116,5510103058;191727,0762005045;192064,39087294808;192107,89717861995;181871,38584944134;181936,48070589767;181920,9451503977;188734,16449177856;188982,87662466196;189045,3332082312;182349,42706112334;181712,18404887946;181380,56997411052
5;2029;5/2029;181719,43509350446;180106,3497607838;181173,297334552;191766,39135154392;192103,77542370756;192147,2896584681;191757,75253269676;192095,12117548726;192138,63444216797;181877,40173259797;181942,50700423145;181926,9689630428;188756,54662943928;189005,29855626315;189067,76513288647;180261,4232527499;181985,39337366042;182066,21648512103
6;2029;6/2029;181748,5102031206;180112,08323816603;181194,4697334681;191797,07397415958;192134,51202777456;192178,0332248115;191788,43377310186;192125,85639487524;192169,37662367828;181883,4185782946;181948,5342667716;181932,99373949604;188778,9323482417;189027,72407537352;189090,20064664847;181918,23598214224;181445,96234896258;180875,8967459088
7;2029;7/2029;181777,58996475337;180117,81763290515;181215,64551996737;191827,76150599474;192165,25354969947;192208,78171012914;191819,11992250493;192156,59653189837;192200,12372393816;181889,4363866873;181954,56249367516;181939,01947991503;188801,32164875913;189050,1531825679;189112,63975009506;181448,2610790168;182797,81123147625;182193,65906350364
8;2029;8/2029;181806,6743791471;180123,55294514447;181236,824694593;191858,45394783508;192195,99999026684;192239,5351152016;191849,81098169205;192187,3415873429;192230,87574373413;181895,4551579287;181960,59168509385;181945,04618445228;188823,71453156485;189072,58587841914;189135,08244379607;181782,69645491568;181997,94036939662;182129,971444811
9;2029;9/2029;181835,76344704733;180129,28917503564;181258,00725788643;191889,15130046842;192226,75135026634;192270,29344082304;191880,50695144982;192218,09156199658;192261,63268385504;181901,4748921752;181966,6218411841;181951,0738532631;188846,11099723307;189095,0221635025;189157,52872833092;182161,2043508752;181922,44406089312;181944,78218163125
10;2029;10/2029;181864,85716919875;180135,02632272543;181279,19321038816;191919,85356467502;192257,50763048127;192301,05668777064;191911,20783256105;192248,8464566473;192292,39454508276;181907,49558957768;181972,65296209877;181957,102486499;188868,51104633394;189117,46203838976;189179,97860426822;181338,88588040916;181608,36561820068;181716,92426359042
11;2029;11/2029;181893,95554635933;180140,76438836826;181300,38255264348;191950,56074124674;192288,268831702;192331,82485684266;191941,91362581577;192279,60627208036;192323,1613282107;181913,5172502926;181978,68504799245;181963,13208431684;188890,914679444;189139,90550365805;189202,43207218844;182866,32209524448;181913,1422894814;181179,93626159974
12;2029;12/2029;181923,05857923403;180146,5033720787;181321,57528519427;191981,27283096514;192319,03495471523;192362,5979488191;191972,62433199596;192310,37100908364;192353,9330340238;181919,53987447376;181984,71809902106;181969,16264687086;188913,32189713372;189162,35255988032;189224,88913266096;181183,55487945647;181223,70445570876;183377,97656501396
1;2030;1/2030;181948,5278074327;180151,5257862922;181340,12189315923;194376,1810001784;194804,55817272718;194871,08858560387;194368,5204165729;194796,8805951011;194863,40960241895;182342,24097671977;182423,64874339235;182405,27284787744;190720,2754332497;191037,87350909325;191126,7077393519;181546,01971816405;183216,53510509353;181747,59721921774
2;2030;2/2030;181974,00060132775;180156,54890364574;181358,6710976495;194403,39366551765;194831,8308108721;194898,37053800508;194395,73200943117;194824,1521583855;194890,6904797641;182347,57079419927;182428,98995795945;182410,61148981907;190740,13785923403;191057,78039880918;191146,62706585837;182859,0120516203;180916,36444862865;181373,5441030494
3;2030;3/2030;181999,4769614139;180161,57272423676;181377,22289902676;194430,61014063106;194859,1072671851;194925,65630987976;194422,9474119124;194851,42753968688;194917,97517643005;182352,90135785332;182434,33192029627;182415,95087917006;190760,0030659588;191077,69007548888;191166,54918107198;182199,9869525391;182043,7795023195;182575,1907778373
4;2030;4/2030;182024,9568881849;180166,59724816025;181395,77729765527;194457,83042605058;194886,38754220278;194952,94590176316;194450,16662455004;194878,70673954333;194945,26369295467;182358,2326677857;182439,67463050789;182421,29101603554;190779,8710538124;191097,60253952368;191186,47408538178;182537,20350658204;181740,70067379522;181910,1900453005
5;2030;5/2030;182050,44038214927;180171,6224755161;181414,33429390195;194485,05452231175;194913,67163645985;194980,23931419008;194477,38964787804;194905,98975848727;194972,55602987178;182363,5647241031;182445,01808869911;182426,6319005211;190799,74182318425;191117,51779130445;191206,40177917806;181435,40817838316;182333,29899654316;181890,35826186088
6;2030;6/2030;182075,92744380623;180176,64840640698;181432,89388813006;194512,2824299435;194940,9595504887;195007,5365476946;194504,61648242862;194933,2765970534;194999,8521877168;182368,89752690654;182450,3622949742;182431,97353272978;190819,61537446332;191137,43583121907;191226,33226285176;182299,46635406226;181896,34765688542;181962,49074560852
7;2030;7/2030;182101,4180736474;180181,67504092606;181451,45608069756;194539,51414948478;194968,2512848243;195034,83760281064;194531,8471287362;194960,56725577553;195027,15216702287;182374,23107630288;182455,7072494373;182437,31591276638;190839,49170804117;191157,35665965974;191246,26553679325;182999,87355923807;181922,0857434622;182434,32859163824
8;2030;8/2030;182126,91227217775;180186,70237917601;181470,02087197202;194566,7496814646;194995,54684000474;195062,14248007478;194559,08158733443;194987,86173519242;195054,4559683258;182379,56537239568;182461,05295219546;182442,659040737;190859,37082430362;191177,28027701582;191266,2016013923;180965,8853643506;182947,56255559655;181833,0115808445
9;2030;9/2030;182152,41003989542;180191,7304212507;181488,58826231872;194593,98902642206;195022,84621656363;195089,45118002372;194586,31985875682;195015,16003583546;195081,76359216223;182384,90041529117;182466,39940335133;182448,00291674596;190879,25272364446;191197,20668368044;191286,14045704162;181120,394430419;181964,81451959524;182247,8278152452
10;2030;10/2030;182177,91137730033;180196,7591672522;181507,15825209967;194621,2321848835;195050,1494150337;195116,76370318708;194613,56194353648;195042,46215824076;195109,0750390651;182390,23620509144;182471,74660301115;182453,34754089656;190899,13740644857;191217,1358800394;191306,0821041283;182799,26533527914;181882,4305005701;182307,11510338413
11;2030;11/2030;182203,41628489128;180201,78861727827;181525,73084167892;194648,47915739001;195077,4564359514;195144,080050106;194640,8078422092;195069,76810294334;195136,39030956963;182395,5727419037;182477,09455127805;182458,6929132955;190919,0248731094;191237,06786648673;191326,02654304705;182129,16514058868;182632,25696004467;181989,07436213712
12;2030;12/2030;182228,92476317662;180206,8187714288;181544,30603142295;194675,72994447176;195104,76727985227;195171,40022131437;194668,05755530583;195097,07787047653;195163,70940421367;182400,91002583;182482,44324825847;182464,03903404667;190938,9151240165;191257,0026434119;191345,97377418794;182111,92648610842;182266,03488804912;182074,07009606954
1;2031;1/2031;182250,7922341453;180211,13093574482;181560,2298516519;196925,57524347267;197439,6033516055;197530,32034029477;196918,9238955981;197432,93466065792;197523,64990368776;182797,96447190386;182894,77458611288;182874,08757095825;192636,4737458227;193018,84869528378;193134,5408434747;182200,66746143528;182895,43711488586;182273,70301844104
2;2031;2/2031;182272,66232921413;180215,44361752295;181576,1555827406;196949,20631250233;197463,2961040084;197554,02397873494;196942,5541664658;197456,62661281717;197547,3527416746;182802,58757370614;182899,40930512897;182878,7198075318;192653,7286261787;193036,14946063404;193151,85549188178;181840,7620446675;183522,43260866488;181711,8123183073
3;2031;3/2031;182294,53504869182;180219,7568168218;181592,08322491514;196972,84021725968;197486,9916995403;197577,7304616128;196966,18727296585;197480,3214080103;197571,05842400398;182807,21123027964;182904,0445803098;182883,35259997312;192670,9855771207;193053,45230207554;193169,17221804807;182311,62106338647;181951,22943624877;181528,6997291006
4;2031;4/2031;182316,41039289828;180224,07053370465;181608,01277840993;196996,47695808677;197510,6901385451;197601,43978926912;196989,82321543896;197504,01904657966;197594,76695101583;182811,8354416931;182908,6804117258;182887,98594835188;192688,24459889624;193070,7572198579;193186,49102222032;182250,22707707825;182293,2191385651;182107,2093820937
5;2031;5/2031;182338,2883621431;180228,3847682323;181623,94424344946;197020,11653532038;197534,39142136154;197625,151962042;197013,4619942243;197527,7195288663;197618,4783230499;182816,46020801045;182913,31679944057;182892,61985272926;192705,50569175457;193088,06421423046;193203,81190464916;181806,74425006256;181753,4278448013;182435,0659206671
6;2031;6/2031;182360,16895674853;180232,69952047148;181639,87762026524;197043,75894930452;197558,09554833162;197648,86698027892;197037,10360966346;197551,42285520848;197642,1925404481;182821,08552930088;182917,9537435206;182897,25431317725;192722,76885594343;193105,37328544332;193221,13486558542;183391,2755478834;181827,47586654467;183258,56566035305
7;2031;7/2031;182382,052177022;180237,01479047857;181655,81290908533;197067,40420038192;197581,80251979866;197672,58484431726;197060,7480620989;197575,1290259522;197665,90960355403;182825,71140563092;182922,59124403613;182901,8893297611;192740,03409171442;193122,68443374417;193238,45990527532;182176,48154246123;183487,07402551643;182574,6494685948
8;2031;8/2031;182403,93802328344;180241,33057831906;181671,75011014062;197091,0522888832;197605,512336099;197696,30555449583;197084,39535186513;197598,83804143366;197689,6295127049;182830,33783706286;182927,22930104914;182906,5249025435;192757,30139931137;193139,9976593825;193255,78702396975;181656,9858693709;182572,5591196806;181763,11757012026
9;2031;9/2031;182425,82649584784;180245,64688405368;181687,68922366214;197114,70321515744;197629,22499757961;197720,02911116395;197108,04547930625;197622,54990199883;197713,3522682463;182834,96482366844;182931,86791463045;182911,16103159793;192774,5707789856;193157,312962608;193273,11622191998;182174,97755567124;182861,9264292835;182413,28712481243
10;2031;10/2031;182447,7175950283;180249,96370774502;181703,6302498765;197138,35697954285;197652,94050457922;197743,7555146572;197131,69844476433;197646,2646079873;197737,07787051963;182839,59236551274;182936,5070848455;182915,7977169873;192791,84223098503;193174,63034367005;193290,4474993724;183448,27543630532;182836,19884237353;182729,59154154954
11;2031;11/2031;182469,61132113825;180254,28104945563;181719,57318901116;197162,01358238072;197676,6588574402;197767,48476531781;197155,35424857726;197669,98215974047;197760,8063198634;182844,22046266223;182941,14681176166;182920,43495877832;192809,11575555938;193191,94980281798;193307,78085657847;182457,58950507714;182168,3600414804;182589,9318221919
12;2031;12/2031;182491,5076744976;180258,59890924706;181735,51804130076;197185,67302401114;197700,38005650343;197791,21686348977;197179,01289108678;197693,70255759923;197784,5376166208;182848,84911518288;182945,7870954437;182925,07275703773;192826,3913529571;193209,2713403012;193325,1162937886;182744,43800904072;183202,05655981298;182831,37451716466
1;2032;1/2032;182507,93191018514;180261,8376926967;181747,47811555135;199274,9445942598;199871,79376944396;199990,47406155837;199269,89719097962;199866,73128448584;199985,40968547013;183217,48417038532;183328,78153267186;183306,5889924949;194402,89671679647;194848,3552350256;194993,51483094544;182723,09957073824;182848,26324007782;182981,46287147733
2;2032;2/2032;182524,35762405884;180265,07676763856;181759,43926621348;199292,87933927248;199889,78223088372;200008,47320422455;199287,8314817259;199884,71929030158;200003,40837234212;183220,98925350906;183332,29663255875;183310,10209505327;194415,9968551303;194861,4954646272;195006,66812491036;183862,8493796515;182205,5217993978;181767,04695570222
3;2032;3/2032;182540,78481624665;180268,31613409627;181771,40149337947;199310,8156984136;199907,77231128505;200026,4739668119;199305,76738655946;199902,70891503812;200021,40867909527;183224,49465209083;183335,81204880416;183313,61551378973;194429,09817247797;194874,636876849;195019,8226026718;182456,82091033334;183068,32258225707;182439,4380661616
4;2032;4/2032;182557,2134868812;180271,55579209825;181783,36479714303;199328,75367182758;199925,7640107916;200044,4763494698;199323,70490562494;199920,70015884016;200039,4106058767;183228,00036615913;183339,3277814376;183317,12924873614;194442,20066894326;194887,77947179688;195032,97826433537;183835,32037166884;183306,307621094;182583,8623522505
5;2032;5/2032;182573,64363609295;180274,79574166748;181795,32917760435;199346,6932596565;199943,75732955278;200062,48035234006;199341,64403906654;199938,6930218533;200057,41415283087;183231,50639574;183342,8438304871;183320,64329991594;194455,3043446329;194900,92324957906;195046,13511000897;182022,90080078845;182797,67908615354;182583,20461419766
6;2032;6/2032;182590,07526401425;180278,0359828292;181807,2946348587;199364,63446204938;199961,7522677126;200080,48597557194;199359,58478702843;199956,6875042256;200075,41932010383;183235,01274086506;183346,36019598096;183324,15766736318;194468,40919965343;194914,06821030134;195059,29313979845;181635,36149835633;183729,89216265324;182907,42550991607
7;2032;7/2032;182606,50837079625;180281,27651562184;181819,26116900798;199382,5772791508;199979,7488254177;200098,4932193115;199377,5271496592;199974,68360610172;200093,4261078441;183238,51940156054;183349,87687794774;183327,67235110264;194481,51523411038;194927,21435407072;195072,4523538115;183663,71481746805;182041,98226541895;182336,0683143564
8;2032;8/2032;182622,94295654737;180284,517340055;181831,22878014238;199400,52171110694;199997,74700281108;200116,50208369928;199395,4711271032;199992,68132762678;200111,4345161933;183242,026377855;183353,3938764155;183331,18735116234;194494,62244811314;194940,36168099203;195085,61275215226;181670,69211182077;182390,8577717009;183113,3148276381
9;2032;9/2032;182639,37902141418;180287,75845616488;181843,19746836336;199418,4677580601;200015,74680004077;200134,5125688865;199413,4167195043;200010,6806689447;200129,44454529881;183245,53366977858;183356,91119141242;183334,70266757245;194507,7308417622;194953,51019117335;195098,77433492985;182200,83811549327;181896,32809435128;182697,01456312396
10;2032;10/2032;182655,8165655253;180290,99986397516;181855,16723376416;199436,4154201595;200033,74821725357;200152,52467501845;199431,36392700914;200028,68163020542;200147,45619530726;183249,0412773584;183360,42882296958;183338,21830036244;194520,8404151678;194966,65988472002;195111,9371022495;182847,74314155785;182870,72265569563;183223,99327233344
11;2032;11/2032;182672,2555890173;180294,24156351094;181867,1380764466;199454,36469754664;200051,7512545932;200170,5384022388;199449,3127497637;200046,68421155302;200165,46946636628;183252,54920062123;183363,94677111247;183341,7342495574;194533,9511684354;194979,81076173973;195125,10105421938;182655,5329014488;182759,8156476763;182564,1728622766
12;2032;12/2032;182688,69609201988;180297,48355480106;181879,10999650278;199472,31559036978;200069,7559122057;200188,5537506955;199467,26318791052;200064,68841313146;200183,4843586181;183256,05743959878;183367,4650358702;183345,25051518955;194547,0631016709;194992,96282233857;195138,266190944;182646,3209549577;183433,3402610777;181387,3996875446
1;2033;1/2033;182701,48430074396;180300,00533052115;181888,42232791238;201389,9552123167;202063,3972416302;202209,19243240522;201385,9882556199;202059,41706922918;202205,2103405768;183594,3615920649;183718,98389454544;183695,6130163987;195994,1206332384;196498,00093834157;196671,3856398191;183579,6813154326;183254,1210257603;182367,1487318524
2;2033;2/2033;182714,27340464466;180302,5272827657;181897,73531118716;201404,05250918103;202077,541679436;202223,3470758743;201400,08527479737;202073,56122842187;202219,36470529955;183597,1141492487;183721,7451752891;183698,37266118123;196004,42101539415;196508,33659211852;196681,73343052532;182446,58225898433;182840,80436951402;181860,4710341378
3;2033;3/2033;182727,06340378345;180305,04941154592;181907,0489463723;201418,1507928566;202091,6871073534;202237,50271017136;201414,18328076726;202087,70637770827;202233,5200608303;183599,86689910977;183724,50664932275;183701,13249913903;196014,72211857786;196518,67296939198;196692,08194557918;182915,89823959465;182784,0857874517;184481,09514607166
4;2033;4/2033;182739,85429822135;180307,57171687635;181916,36323350988;201432,25006341265;202105,83352545026;202251,6593353597;201428,2822735969;202101,85251715488;202247,67640723436;183602,6198416641;183727,26831665967;183703,892530285;196025,0239428388;196529,01007021166;196702,4311850267;181885,6546358035;182997,87877625588;182646,53598465913
5;2033;5/2033;182752,64608802405;180310,09419876974;181925,67817264886;201446,3503209165;202119,98093379743;202265,81695151314;201442,38225335535;202115,99964682912;202261,8337445821;183605,37297692453;183730,0301773128;183706,6527546336;196035,32648822648;196539,34789462975;196712,78114892152;182359,45266528716;184128,79682594183;182420,2594703877
6;2033;6/2033;182765,4387732505;180312,61685723404;181934,99376383374;201460,45156543955;202134,12933246366;202279,97555870083;201456,48322011382;202130,1477668068;202275,9920729451;183608,12630490522;183732,79223129735;183709,41317219858;196045,62975479258;196549,68644269404;196723,13183731446;183812,3115284017;182864,67586201092;182397,8002905933
7;2033;7/2033;182778,2323539648;180315,13969228396;181944,31000710986;201474,55379704805;202148,27872151622;202294,1351569893;201470,58517393775;202144,29687714876;202290,1513923893;183610,87982561614;183735,55447862414;183712,1737829915;196055,9337425875;196560,02571445698;196733,4832502547;182279,12607886014;182187,59472731777;181972,61244845125
8;2033;8/2033;182791,0268302309;180317,66270393596;181953,62690252287;201488,65701581415;202162,4291010271;202308,29574645188;201484,68811490075;202158,4469779315;202304,31170298866;183613,633539076;183738,3169193099;183714,93458702823;196066,23845166166;196570,3657099691;196743,8353877955;182661,57215221875;182819,1989879971;183371,01491033687
9;2033;9/2033;182803,82220210638;180320,18589219556;181962,9444501167;201502,76122180512;202176,5804710625;202322,4573271526;201498,79204306862;202172,598069219;202318,47300480728;183616,38744529465;183741,07955336425;183717,6955843198;196076,54388206542;196580,7064292807;196754,18824998417;183771,55555015916;184052,69546451137;182387,3908841146
10;2033;10/2033;182816,61846966096;180322,70925707978;181972,2626499408;201516,86641509007;202190,73283169782;202336,619899166;201512,896958511;202186,7501510844;202332,6352979172;183619,14154428695;183743,84238080564;183720,45677488236;196086,8500338494;196591,0478724437;196764,54183687427;182459,71598831643;181286,5410409946;182717,05474020398
11;2033;11/2033;182829,41563295427;180325,23279859853;181981,58150203948;201530,9725957411;202204,88618299487;202350,78346255978;201527,002861299;202200,90322359468;202346,79858238884;183621,89583606808;183746,6054016433;183723,2181587287;196097,1569070639;196601,3900395064;196774,89614851432;183514,0703281296;182899,8629193154;183021,61419096665
12;2033;12/2033;182842,21369204845;180327,75651676484;181990,90100645673;201545,0797638227;202219,0405250284;202364,94801740188;201541,10975150016;202215,05728682157;202360,9628582899;183624,6503206475;183749,36861589347;183725,97973587122;196107,46450175985;196611,7329305212;196785,2511849571;182717,17484046775;182632,17513526502;182814,383998664
1;2034;1/2034;182849,52738059527;180329,19874238173;181996,22681033102;203277,15317025356;204023,44880598065;204196,26833555548;203274,86530739267;204021,15257512685;204193,97074205172;183930,12881563755;184067,77502300794;184043,99240030846;197414,60575885043;197973,58038698463;198174,0868063841;183354,80612353125;183176,10163973452;183673,42357192718
2;2034;2/2034;182856,84136168883;180330,64102568637;182001,5528272379;203285,28425638226;204031,60974393378;204204,43618628941;203282,9963020073;204029,31342123044;204202,13850088295;183931,71513614582;184069,3668493644;184045,58327535997;197420,54851091656;197979,5454980355;198180,0599376921;183073,6914428983;181513,97286036695;182281,37019449423
3;2034;3/2034;182864,1556353452;180332,08336668328;182006,87905718663;203293,41566775035;204039,77100832245;204212,60436373486;203291,12762185608;204037,4745937671;204210,30658642168;183933,30152010592;184070,95873939322;184047,17421404514;197426,49150069195;197985,51084769028;198186,03330792367;182923,87106441805;182614,66656036902;182830,617210086
4;2034;4/2034;182871,47020157048;180333,52576537218;182012,20550018555;203301,5474043761;204047,932599162;204220,77286790885;203299,25926696113;204045,63609274913;204218,4749986835;183934,88796752112;184072,55069309694;184048,76521636825;197432,43472818704;197991,47643596036;198192,00691709228;182540,29384566058;183430,18313252766;182765,94093995803
5;2034;5/2034;182878,78506037928;180334,96822175826;182017,53215624104;203309,67946627227;204056,09451646637;204228,94169882315;203307,39123733187;204053,79791819406;204226,6437376839;183936,47447839487;184074,14271048;184050,3562823313;197438,37819341183;197997,44226285332;198197,98076520406;182840,95688346677;183044,94705074007;182396,03339077783
6;2034;6/2034;182886,10021178372;180336,4107358433;182022,85902536343;203317,81185345177;204064,25676024752;204237,11085649274;203315,5235329811;204061,9600701104;204234,8128034346;183938,06105272946;184075,7347915437;184051,94741193875;197444,3218963752;198003,4083283794;198203,9548522705;182573,79394012326;183581,81879204712;183586,72088662395
7;2034;7/2034;182893,41565579016;180337,85330762665;182028,18610755962;203325,94456592563;204072,41933051773;204245,28034092652;203323,65615392293;204070,12254851364;204242,9821959456;183939,6476905264;184077,32693629066;184053,53860518974;197450,2658370869;198009,37463254767;198209,92917830043;182401,55784093044;182196,411180932;182090,6538000705
8;2034;8/2034;182900,73139241477;180339,29593711253;182033,51340283913;203334,077603709;204080,58222729136;204253,4501521391;203331,78910016935;204078,28535341588;204251,1519152342;183941,23439178983;184078,91914472388;184055,1298620897;197456,21001555576;198015,34117536838;198215,90374330198;183038,8090185222;182609,88045828766;183071,0889139998
9;2034;9/2034;182908,0474216716;180340,73862430642;182038,84091121051;203342,21096681218;204088,74545058023;204261,6202901466;203339,92237173312;204086,44848482998;204259,32196131026;183942,8211565192;184080,51141684476;184056,7211826395;197462,15443179253;198021,3079568506;198221,87854728792;183091,20846470734;183158,44503423097;182715,9693515461
10;2034;10/2034;182915,36374356886;180342,18136920678;182044,1686326822;203350,34465525168;204096,9090003986;204269,79075495678;203348,0559686278;204094,6119427692;204267,49233418875;183944,40798472104;184082,10375265568;184058,3125668409;197468,09908580504;198027,2749770051;198227,8535902647;182564,05012482757;182342,14926994394;183493,90020232386
11;2034;11/2034;182922,68035811812;180343,62417181488;182049,4965672639;203358,47866903798;204105,07287675873;204277,96154658857;203356,18989086774;204102,77572724782;204275,66303388265;183945,99487639556;184083,69615216108;184059,90401469904;197474,04397760393;198033,24223583972;198233,8288722446;182365,57453273248;183184,85920438208;182570,4808052319
12;2034;12/2034;182929,9972653343;180345,06703213908;182054,824714962;203366,6130081848;204113,23707967345;204286,13266504937;203364,32413846228;204110,9398382764;204283,8340604042;183947,58183154615;184085,2886153619;184061,49552621465;197479,98910719794;198039,2097333648;198239,80439323458;183309,63593366434;182907,73142090326;182579,40266740604

