Mes;Ano;Mes_Ano;CI_Pop_Uniforme;CII_Ambientalistas;CIII_Perdularios;CIV_PopUnif_RendaLinear;CV_PopUnif_RendaEquilibrio;CVI_PopUnif_RendaDesequilibrio;CVII_PopAleat_RendaLinear;CVIII_PopAleat_RendaEquilibrio;CIX_PopAleat_RendaDesequilibrio;CX_Ambient_RendaLinear;CXI_Ambient_RendaEquilibrio;CXII_Ambient_RendaDesequilibrio;CXIII_Perdul_RendaLinear;CXIV_Perdul_RendaEquilibrio;CXV_Perdul_RendaDesequilibrio;CXVI_PopUnif_RendaAleatLinear;CXVII_PopUnif_RendaAleatEquilibrio;CXVIII_PopUnif_RendaAleatDesequilibrio
1;2016;1/2016;207417,10579243407;207364,03016995097;207401,05151093513;207417,10579243407;207417,10579243407;207417,10579243407;207397,82372511693;207397,82372511693;207397,82372511693;207364,03016995097;207364,03016995097;207364,03016995097;207401,05151093513;207401,05151093513;207401,05151093513;206836,6892371954;207289,67162004646;207227,06323131494
2;2016;2/2016;207482,53646512478;207375,5518850465;207449,43376786672;207482,53646512478;207482,53646512478;207482,53646512478;207462,59660590254;207462,59660590254;207462,59660590254;207375,5518850465;207375,5518850465;207375,5518850465;207449,43376786672;207449,43376786672;207449,43376786672;207044,0277920683;207114,37165638068;206656,24251898096
3;2016;3/2016;207547,98938423864;207387,07751752078;207497,83247476537;207547,98938423864;207547,98938423864;207547,98938423864;207528,04274546652;207528,04274546652;207528,04274546652;207387,07751752078;207387,07751752078;207387,07751752078;207497,83247476537;207497,83247476537;207497,83247476537;206866,22576091767;207345,269401566;207094,03639232615
4;2016;4/2016;207613,46455734633;207398,60706871032;207546,24763722546;207613,46455734633;207613,46455734633;207613,46455734633;207593,51113671673;207593,51113671673;207593,51113671673;207398,60706871032;207398,60706871032;207398,60706871032;207546,24763722546;207546,24763722546;207546,24763722546;207175,5748470068;207260,47613825838;207764,30176382858
5;2016;5/2016;207678,96199201143;207410,1405399513;207594,67926083467;207678,96199201143;207678,96199201143;207678,96199201143;207659,00178721914;207659,00178721914;207659,00178721914;207410,1405399513;207410,1405399513;207410,1405399513;207594,67926083467;207594,67926083467;207594,67926083467;207064,5852185721;207205,23230557964;207896,3622532563
6;2016;6/2016;207744,48169580425;207421,67793256912;207643,12735119957;207744,48169580425;207744,48169580425;207744,48169580425;207724,51470454232;207724,51470454232;207724,51470454232;207421,67793256912;207421,67793256912;207421,67793256912;207643,12735119957;207643,12735119957;207643,12735119957;207549,9034503828;207145,53164593858;208133,91279720975
7;2016;7/2016;207810,02367629154;207433,21924789602;207691,59191391454;207810,02367629154;207810,02367629154;207810,02367629154;207790,04989625415;207790,04989625415;207790,04989625415;207433,21924789602;207433,21924789602;207433,21924789602;207691,59191391454;207691,59191391454;207691,59191391454;207508,9567731007;206893,2304962499;208092,71045611848
8;2016;8/2016;207875,58794105938;207444,76448727679;207740,0729545815;207875,58794105938;207875,58794105938;207875,58794105938;207855,60736993444;207855,60736993444;207855,60736993444;207444,76448727679;207444,76448727679;207444,76448727679;207740,0729545815;207740,0729545815;207740,0729545815;207973,0727162665;207061,53597527972;207618,56705208763
9;2016;9/2016;207941,1744976767;207456,31365203674;207788,5704788037;207941,1744976767;207941,1744976767;207941,1744976767;207921,1871331572;207921,1871331572;207921,1871331572;207456,31365203674;207456,31365203674;207456,31365203674;207788,5704788037;207788,5704788037;207788,5704788037;207347,9335791173;207099,2777301415;207410,7168497125
10;2016;10/2016;208006,78335372414;207467,86674351792;207837,08449218038;208006,78335372414;208006,78335372414;208006,78335372414;207986,78919350155;207986,78919350155;207986,78919350155;207467,86674351792;207467,86674351792;207467,86674351792;207837,08449218038;207837,08449218038;207837,08449218038;207583,41284945369;207737,07961573842;208243,9345642932
11;2016;11/2016;208072,4145167818;207479,4237630428;207885,6150003268;208072,4145167818;208072,4145167818;208072,4145167818;208052,4135585446;208052,4135585446;208052,4135585446;207479,4237630428;207479,4237630428;207479,4237630428;207885,6150003268;207885,6150003268;207885,6150003268;207769,60700952788;208288,73885795556;207412,47983010943
12;2016;12/2016;208138,06799443375;207490,98471195734;207934,1620088425;208138,06799443375;208138,06799443375;208138,06799443375;208118,06023587086;208118,06023587086;208118,06023587086;207490,98471195734;207490,98471195734;207490,98471195734;207934,1620088425;207934,1620088425;207934,1620088425;207580,12209508827;207527,80305523274;207996,99468287601
1;2017;1/2017;208203,7437942722;207502,54959159106;207982,72552334788;208638,94205946938;208654,65653933663;208658,99087820188;208618,89732809097;208634,6101434304;208638,94400589447;207572,3610713878;207575,13659629948;207574,89101747467;208313,38165115533;208325,0159112495;208329,49940017532;207383,35487214412;207776,81961082405;207522,84566418192
2;2017;2/2017;208269,44192388083;207514,11840329235;208031,3055494413;208704,75104902723;208720,47087181645;208724,80668435668;208684,69950243944;208700,41766013572;208704,75299611242;207583,953618986;207586,730087576;207586,48442525466;208362,03699287522;208373,67520861665;208378,16022192826;207831,75003821607;208165,92681962668;207697,7465381077
3;2017;3/2017;208335,1623908444;207525,6911483793;208079,90209274236;208770,58241364386;208786,30758117206;208790,64486788996;208750,52404953027;208766,24755139832;208770,5843613908;207595,5501080518;207598,3275206406;207598,08177479423;208410,7088774121;208422,35105014677;208426,83758836388;208081,2888328431;207293,51045171768;207693,259859182
4;2017;4/2017;208400,90520277264;207537,26782820438;208128,5151588687;208836,4328031215;208852,16331720946;208856,50207860259;208816,37097696352;208832,0998248251;208836,43810933075;207607,15053992285;207609,92889683266;207609,68306743228;208459,39395258806;208471,0400836632;208475,5281473019;208501,05541003443;208192,6997962126;207642,00480075047
5;2017;5/2017;208466,65790184718;207548,8484441;208177,13228802982;208902,30151803987;208918,03738050218;208922,37761707514;208882,23693455465;208897,97113022415;208902,31088974673;207618,7549159405;207621,53421749096;207621,28830450925;208508,09151699775;208519,74160775798;208524,23119733814;207886,7892815723;208018,10834031686;208442,63572369356
6;2017;6/2017;208532,43057926637;207560,4329973984;208225,76356944692;208968,19262832505;208983,93384097982;208988,2755532335;208948,12122287916;208963,86076817554;208968,20200321727;207630,36323744708;207633,1434839608;207632,8974873682;208556,8056385819;208568,45969037144;208572,95080641334;207970,10901340333;208452,58523550542;208015,39607308008
7;2017;7/2017;208598,22561941258;207572,02148946506;208274,41138549682;209034,10614158565;209049,8527062537;209054,19589468904;209014,02791186288;209029,77280860415;209034,11551966576;207641,97550578328;207644,75669758057;207644,5106173494;208605,53632296532;208617,19433713338;208621,68698015378;208357,1773609793;208438,63125103962;208065,80230076582
8;2017;8/2017;208664,04302985108;207583,6139216063;208323,07574179533;209100,04206544088;209115,7939839401;209120,13864906;209079,9570091201;209095,7072591262;209100,05144670987;207653,59172229018;207656,37385969213;207656,1276957941;208654,2835757817;208665,9455536748;208670,43972419374;208143,78421662492;208446,29729172293;207803,2618172128
9;2017;9/2017;208729,8828182154;207595,21029517078;208371,75664398517;209166,00040750726;209181,75768165902;209186,10382396443;209145,90852226777;209161,6641273584;209166,00979196545;207665,21188830954;207667,9949716385;207667,7487240446;208703,0474026628;208714,71334562806;208719,20904416463;207803,61831168446;208132,5364830954;208187,85325718595
10;2017;10/2017;208795,73940587186;207606,81061150713;208420,4485114403;209231,9811754139;209247,7438070382;209252,09142703254;209211,8824589328;209227,64342092973;209231,99056306243;207676,8360051868;207679,62003476385;207679,37370344563;208751,8278092472;208763,49771863283;208767,99494570735;208468,58224677824;208148,59646265008;208477,13600161797
11;2017;11/2017;208861,59428504208;207618,414871951;208469,13283440558;209297,98437678223;209313,7523677004;209318,10146588556;209277,8788267374;209293,64514746034;209297,99376762137;207688,4640742641;207691,24905041087;207691,00263533983;208800,62480117002;208812,29867832415;208816,7974344565;208815,13683408353;208084,65259464574;208014,7717164596
12;2017;12/2017;208927,47155486327;207630,02307784144;208517,83371003444;209364,01001923598;209379,78337127142;209384,1339481508;209343,89763330462;209359,66931457625;209364,01941326945;207700,09609688297;207702,88201992182;207702,63552107036;208849,43838406916;208861,1162303419;208865,61651605114;208675,79227142432;208296,89800303878;208491,26034427207
1;2018;1/2018;208995,30944848523;207641,97676442363;208567,98400966256;209886,07666426167;209918,333382892;209927,1878955403;209865,34032291124;209897,59352992955;209906,44704334848;207784,99713011828;207790,69918131505;207790,194580372;209244,57936195837;209268,45369555493;209277,61467298635;209098,37691826245;208897,13236913094;208985,04058594184
2;2018;2/2018;209063,17108537414;207653,9346347963;208618,15186189898;209954,2224455173;209986,46489958948;209995,306837987;209933,47884644626;209965,7177876785;209974,56641324962;207797,0050576206;207802,70910453444;207802,20432698104;209294,95639840738;209318,81353361194;209327,96204405517;208190,34812889955;208283,4285718901;208610,30311110275
3;2018;3/2018;209131,05647383005;207665,89669042703;208668,33727287696;210022,36622355992;210054,5996401464;210063,43443648235;210001,61536423056;210033,85542791872;210042,69434538617;207809,0171878966;207814,7232312268;207814,2182770019;209345,3252125843;209369,17037544187;209378,31185112306;208673,86863010496;208530,72390587686;208956,61403205825
4;2018;4/2018;209198,96562218925;207677,8629327736;208718,5402487655;210090,5085813882;210122,74799112452;210131,58587963964;210069,76309452602;210102,0016367927;210110,83852951144;207821,03352241768;207826,74156286364;207826,2364319052;209395,68638530985;209419,5346054276;209428,6792806253;208523,74490620033;208569,6277226574;208520,20903090958
5;2018;5/2018;209266,8985387444;207689,83336330813;208768,76079568776;210158,66950049676;210190,92019402637;210199,76117580218;210137,91939698785;210170,16657847012;210179,00656410062;207833,05406265758;207838,76410091753;207838,25879316273;209446,05989589856;209469,91646289357;209479,06433872774;208746,09890284485;208600,1351737716;208185,64238920735
6;2018;6/2018;209334,85523181755;207701,8079834945;208818,99891979792;210226,85427592776;210259,11625719938;210267,96033331787;210206,0969098816;210238,35537787728;210247,19845750276;207845,07881008615;207850,79084685963;207850,28536224717;209496,4510372177;209520,31595401044;209529,46703160033;209077,37547051866;208517,79308724965;209466,65497174312
7;2018;7/2018;209402,8357097365;207713,7867947942;208869,2546272577;210295,06291602735;210327,3361889928;210336,18336053748;210274,29828490407;210306,56804336395;210315,41421806582;207857,10776617567;207862,8218021618;207862,31614062935;209546,85981543438;209570,73308494844;209579,88736541537;208765,46069040164;209675,36201320295;208940,74489770684
8;2018;8/2018;209470,83998081085;207725,7697986761;208919,5279242066;210363,28582105358;210395,57038966418;210404,4206577189;210342,5139223093;210374,79497518373;210383,64424604757;207869,14093240045;207874,8569682989;207874,35112978506;209597,27662862485;209621,15825378292;209630,31573824788;209127,7481771282;209227,90984403374;208976,21705787233
9;2018;9/2018;209538,86805339193;207737,75699661384;208969,8188168154;210431,51570042933;210463,81156864067;210472,66493429002;210410,73653152064;210443,02888276498;210451,881250874;207881,178310232;207886,8963467438;207886,39033118697;209647,69418403468;209671,58416776257;209680,74485734728;208977,4435113192;208849,03988299248;209080,42755555926
10;2018;10/2018;209606,91993578867;207749,74839006507;209020,12731123363;210499,76541294515;210532,07258471134;210540,929049038;210478,97897132725;210511,28262489545;210520,1380913331;207893,21990114762;207898,93993897215;207898,4337463095;209698,1253382689;209722,02368349183;209731,18757931766;209468,5288398183;208430,3797109218;208817,70502148167
11;2018;11/2018;209674,99563634858;207761,74398051057;209070,45341362222;210568,03901286222;210600,35749213622;210609,2170562267;210547,24529598883;210579,5602558353;210588,41882168633;207905,26570661977;207910,98774645707;207910,48137662731;209748,5741434092;209772,48085305133;209781,6479562419;209373,42782569755;209437,3387697306;208888,20809832236
12;2018;12/2018;209743,09516340526;207773,7437694075;209120,79713015203;210636,3365085356;210668,6662992791;210677,52896421473;210615,53551386265;210647,86178394477;210656,72345029344;207917,3157281228;207923,03977067376;207922,53322361386;209799,04060562892;209822,9556826218;209832,1259942966;209467,09935182869;209200,61015448143;209307,23749722
1;2019;1/2019;209809,26286574375;207785,4047871244;209169,7102938592;211536,2319485799;211599,3480602143;211616,89332136302;211515,95432868713;211579,0637803264;211596,60713918495;208063,12849367107;208074,26585289455;208073,3019698555;210480,79032848257;210527,53221611085;210545,64380062453;209014,47893041256;209262,16962068016;209250,21420970903
2;2019;2/2019;209875,440078398;207797,06976958222;209218,62710134513;211602,88500835723;211666,02257947077;211683,57380600722;211582,60049407443;211645,73140292792;211663,28072652893;208074,8879021932;208086,0290481185;208085,06483735892;210530,04158081007;210576,79936068118;210594,9171031329;209674,3209857991;209107,6127787526;209091,34052932123
3;2019;3/2019;209941,6397913228;207808,73871814169;209267,5605405539;211669,56073017765;211732,71976806337;211750,27696201854;211649,26931915927;211712,42169252082;211729,976982892;208086,65130891453;208097,79624282944;208096,83170423872;210579,30957856536;210626,08325608;210644,20715856506;209836,7864736144;209742,86921039916;209263,03184121795
4;2019;4/2019;210007,86201215687;207820,41163414402;209316,5106171375;211736,25912174306;211799,43963370365;211817,0027971044;211715,96081164552;211779,13465681442;211796,69591598492;208098,41871519404;208109,56743838708;208108,6025718528;210628,59432743894;210675,38390800526;210693,51397261722;209260,03852359456;209271,4263191494;209569,0938186377
5;2019;5/2019;210074,10674852977;207832,08851893485;209365,4773367374;211802,9801907605;211866,18218409404;211883,75131897052;211782,67497923746;211845,8703035131;211863,43753351204;208110,19012239177;208121,3426361502;208120,37744156196;210677,89583312644;210724,70132214934;210742,837550983;209810,00248899328;210206,74026286977;209702,7990530238
6;2019;6/2019;210140,3740081102;207843,76937386414;209414,46070502046;211869,72394494273;211932,94742695423;211950,51235404806;211849,4118296476;211912,62864033435;211930,19166190212;208121,9655318687;208133,12183748174;208132,15631472695;210727,21410132633;210774,03550421586;210792,16771807877;209244,80096274524;209772,53331529038;209770,7481251176
7;2019;7/2019;210206,66379856938;207855,45420028834;209463,46072765221;211936,49039200152;211999,73536999678;212017,29142618077;211916,17137058658;211979,4096749888;211996,96382500007;208133,7449449844;208144,9050437417;208143,9391927081;210776,54913773818;210823,38645990432;210841,5099957364;209534,78184701514;210039,53741249582;209837,51943904962
8;2019;8/2019;210272,9761275589;207867,14299954995;209512,47741029895;212003,27953965028;212066,53905193074;212084,09320319834;211982,95360976906;212046,20644618702;212063,7586906326;208145,52836309953;208156,69225629087;208155,72607686807;210825,90094806105;210872,74722590877;210890,8690497677;209675,72621633986;210011,5046845181;210081,41745089195
9;2019;9/2019;210339,2375034705;207878,83577300335;209561,43725934977;212070,09139561036;212133,357573141;212150,91769282048;212049,75855491275;212113,01805431157;212130,576266521;208157,31578757806;208168,48347649223;208167,51696856893;210875,26953799973;210922,1169005992;210940,2448858777;209843,46995824063;209943,1108818825;210157,7271188687
10;2019;10/2019;210405,50584962138;207890,53252200258;209610,39819611513;212136,92221478524;212200,19881265017;212217,76490277104;212116,5824609215;212179,85237838302;212197,41656038578;208169,10721978112;208180,2787057094;208179,31186917407;210924,65116044288;210971,50336097946;210989,63750977317;209869,37442557205;209207,510886777;209823,55230774943
11;2019;11/2019;210471,79672699483;207902,23324789183;209659,37577958888;212203,76466627154;212267,06277817898;212284,63484077153;212183,41799689218;212246,7094261258;212264,27957995032;208180,9026610698;208192,07794530378;208191,11078004373;210974,0384824711;211020,90661275462;211039,04692716;209974,9540854209;210087,4208199799;210441,7880788004
12;2019;12/2019;210538,11014327552;207913,9379520308;209708,37001544848;212270,6298441902;212333,94947745782;212351,5275145489;212250,2762569428;212313,5892052634;212331,1653329393;208192,70211280914;208203,88119664034;208202,91370254362;211023,4425961872;211070,32666163665;211088,4731437467;210444,4958795063;210085,70685634788;209754,78103713616
1;2020;1/2020;210600,5439906482;207924,95788966573;209754,497915581;208116,30575769578;208022,22034673492;207992,9353126175;208095,8055292331;208001,79270791163;207972,52771537958;207556,99034522654;207541,87152566214;207543,42003567223;207821,3329480251;207749,5112948314;207719,24693708905;210218,27552434002;210602,01195557351;209598,5397209334
2;2020;2/2020;210662,9978168678;207935,98135368447;209800,64057665368;208177,9896302255;208083,84756024333;208054,42690795663;208157,48278397357;208063,35523058972;208034,0131702363;207567,87854920665;207552,74128553717;207554,200437895;207866,89950927746;207795,04192754786;207764,7314914283;210998,8324860557;210018,29506834157;210580,69593295205
3;2020;3/2020;210725,47162830824;207947,00834521285;209846,79800337306;208239,69702296177;208145,51216605908;208115,95244513062;208219,18335012192;208125,0099146001;208095,52742419814;207578,77097704337;207563,6246044429;207564,99470522255;207912,48369356574;207840,59472095856;207810,2344499731;209853,5695180665;210250,71144522034;210150,1463230226
4;2020;4/2020;210787,96543135637;207958,03886537085;209892,97020046538;208301,42694124862;208207,2023353904;208177,56131214995;208280,9065080319;208186,6932522719;208157,08774845148;207589,66817338413;207574,5138949848;207575,8395656267;207958,08396105052;207886,16543313014;207855,7684722269;209668,6028279503;210719,15710318575;210706,13376026796
5;2020;5/2020;210850,4792324298;207969,07291530038;209939,15717266357;208363,1817626976;208268,9189598067;208239,24918952066;208342,65452861006;208248,40352302187;208218,73983483776;207600,57195482813;207585,40794716447;207586,72489809748;208003,70087220884;207931,7561650958;207901,3393591704;210339,77866861006;210341,80809933515;210516,5280424025
6;2020;6/2020;210913,0130379397;207980,1104961305;209985,35892470658;208424,9603377386;208330,65861882965;208300,96728577337;208404,42666480754;208310,13604547695;208280,4496359104;207611,48185217482;207596,3061378892;207597,62042172646;208049,3337461355;207977,3641189346;207946,92859970746;210413,476519013;210419,77937241158;210541,15422665124
7;2020;7/2020;210975,56685421462;207991,15160897234;210031,57546127698;208486,76658945077;208392,42119260016;208362,7114227019;208466,2238007184;208371,89193965786;208342,18715778828;207622,39953825975;207607,20961155926;207608,52118837635;208094,9848325376;208022,9880298506;207992,53696323297;210347,42305280198;210617,45066332736;210185,71784286725
8;2020;8/2020;211038,14068774282;208002,1962549766;210077,8067871612;208548,5926191638;208454,20805593004;208424,4804727688;208528,0438059601;208433,6722220795;208403,9498133275;207633,32071800364;207618,11937181914;207619,42633708016;208140,65052728832;208068,62826847605;208038,16418264105;210897,12628761545;210399,79256550578;210102,77200005893
9;2020;9/2020;211100,73454490185;208013,2444352751;210124,05290706575;208610,43874092432;208516,01882755285;208486,27160677683;208589,8838303127;208495,4762909692;208465,7339991646;207644,2454872067;207629,03524665997;207630,3354389992;208186,33104809717;208114,28462501615;208083,8078570365;210591,404798861;210408,1195331106;211331,51700388023
10;2020;10/2020;211163,34843208943;208024,29615098514;210170,31382573064;208672,31385093552;208577,85661947913;208548,0866265637;208651,7507010361;208557,30522485633;208527,5421745437;207655,1778695141;207639,95854983112;207641,2504302859;208232,03126698712;208159,95889719736;208129,46785156915;210792,75668407886;211080,3546802575;210565,90977409977
11;2020;11/2020;211225,98235571678;208035,35140324457;210216,5895478848;208734,2125293738;208639,71419950144;208609,92535071;208713,64328803934;208619,15677738513;208589,3745231922;207666,11461352438;207650,88534845796;207652,1714189925;208277,7490149975;208205,64778514826;208175,14387622927;211160,23525018006;210729,49777587675;210728,71560944946
12;2020;12/2020;211288,63632219977;208046,41019318573;210262,8800782693;208796,1313435055;208701,59167003873;208671,78808556893;208775,55606923712;208681,02819632605;208651,23032927615;207677,05498853893;207661,81567322765;207663,09849752625;208323,4815895576;208251,35136006665;208220,83614442826;210834,34917141215;210880,50854157147;210799,31238374356
1;2021;1/2021;211347,3932119796;208056,7811263922;210306,2913376751;212359,86066465662;212390,3722024658;212396,1974668932;212341,89263779967;212372,4012327155;212378,22593853174;208219,70014443074;208225,25248794537;208224,56285512223;211074,78885278004;211097,14088296343;211103,58397495587;211185,62584603802;211225,07136867158;210933,64599359035
2;2021;2/2021;211406,16772881948;208067,15517087924;210349,71562045;212418,91927660562;212449,43996787563;212455,26697988238;212400,94585934;212431,46360683398;212437,29006006266;208230,12306462222;208235,67707384063;208234,98723412698;211118,42403968572;211140,78277547713;211147,227800398;211252,44512392892;210932,51131218538;211128,01616764427
3;2021;3/2021;211464,9598780156;208077,5323275781;210393,15293051492;212477,99560614058;212508,52545361724;212514,3542137287;212460,0167968494;212490,54369966703;212496,37190083147;208240,54911169034;208246,10478711006;208245,41474044573;211162,07231714865;211184,43776056144;211190,8847189894;210726,7810747921;211140,4347106486;210891,16797639022
4;2021;4/2021;211523,76966485017;208087,91259742394;210436,60327176627;212537,08965857187;212567,6286650025;212573,44835686713;212519,10545563884;212549,6415165264;212555,46064927848;208250,97828657273;208256,53562869495;208255,84537501555;211205,73368909248;211228,10584213835;211234,5439177801;211335,11932812596;210716,11492220184;211211,6630982379
5;2021;5/2021;211582,59709463024;208098,29598135597;210480,06664812463;212596,2014392191;212626,74131169534;212632,5579483752;212578,21184102495;212608,74876707405;212614,5648444723;208261,4105902068;208266,96959953278;208266,27913877746;211249,4081594499;211271,77872848383;211278,21393445582;211670,43971427588;211010,72123659882;211488,38864408262
6;2021;6/2021;211641,4421726251;208108,68248029274;210523,54306348998;212655,32549692766;212685,86689108747;212691,68527275758;212637,33050185375;212667,86894870395;212673,68677092492;208271,84602353146;208277,40670056027;208276,71603266618;211293,09027567477;211315,45991560144;211321,89705213503;211434,53079103562;210874,4812151544;210984,16224576498
7;2021;7/2021;211700,30490415357;208119,07209518753;210567,03252178515;212714,4596515758;212745,01020815584;212750,83033534;212696,45925800418;212727,00686638863;212732,82643395595;208282,28458748636;208287,84693271868;208287,15605762505;211336,77785625696;211359,15420707737;211365,59327475057;211324,0965208921;211307,3950149062;211169,2247690677
8;2021;8/2021;211759,18529450108;208129,46482696186;210610,5350269189;212773,6115464722;212804,17126821677;212809,99314144178;212755,60575278144;212786,1625254484;212791,98383888777;208292,7262830112;208298,29029694689;208297,59921459056;211380,47854311415;211402,8616068377;211409,30260623363;211530,7555234876;211618,95054433018;211244,80757860854
9;2021;9/2021;211818,07960130452;208139,86067656075;210654,0468351391;212832,78118693616;212863,35007659617;212869,17369638293;212814,76999150758;212845,3359312035;212851,15899103766;208303,17111104482;208308,73679418408;208308,04550450275;211424,192340177;211446,58211881874;211453,0250505151;211526,11386147927;211818,99539332459;211586,7771787086
10;2021;10/2021;211876,9756789306;208150,2596449098;210697,555799438;212891,96857829284;212922,54663862195;212928,37200549277;212873,95197950595;212904,52708898587;212910,35189573665;208313,61907252666;208319,18642537066;208318,49492830315;211467,91925137932;211490,31574695677;211496,7606115301;211535,19184965923;211523,07798307878;211165,24690362066
11;2021;11/2021;211935,88942538513;208160,6617329511;210741,07781643;212951,1737258676;212981,760959613;212987,58807409526;212933,15172210077;212963,7360041133;212969,56255830548;208324,07016839692;208329,63919144633;208328,9474869304;211511,65928065588;211534,06249518102;211540,50929321442;211528,18370381815;211765,57774056157;211427,20546493563
12;2021;12/2021;211994,82084596652;208171,06694162093;210784,61289002604;213010,3966349834;213040,99304490062;213046,8219075172;212992,36922461572;213022,96268191206;213028,79098407223;208334,5243995952;208340,09509335298;208339,4031813243;211555,41243193895;211577,82236742828;211584,27109950245;211274,077155516;211624,1560154564;211281,36839211505
1;2022;1/2022;212051,80497596596;208181,128327511;210826,70941966947;214948,79770639093;215048,79310775708;215074,05732985176;214931,22555943666;215031,21185722182;215056,4737398555;208647,695024688;208665,49084891818;208663,76162549597;213025,02222092793;213098,8558754248;213125,331421437;211002,58207597004;211360,22577280845;211029,0274637327
2;2022;2/2022;212108,80563137526;208191,1926312049;210868,81815731377;215006,52454796;215106,5489479939;215131,82049671182;214988,9473050821;215088,9625988948;215114,23180747448;208657,89463272176;208675,69561774097;208673,96589284402;213067,65452755592;213141,50959381368;213167,99281773347;211206,37475220888;211277,83234281617;212055,4149012012
3;2022;3/2022;212165,82281695498;208201,25985354008;210910,93910648162;215064,26813031323;215164,3215374212;215189,60041489053;215046,68579003622;215146,73008828206;215172,00662493345;208668,09719864323;208685,90334594707;208684,1731194304;213110,29919755226;213184,17568177878;213210,66658583534;211618,92863462024;211681,29145223324;212054,9218975781
4;2022;4/2022;212222,8565375322;208211,32999537507;210953,07227073167;215122,01314163092;215222,09556422604;215247,381772569;215104,44101914845;215204,51433024055;215229,79819708806;208678,30272330696;208696,11403439377;208694,3833061111;213152,9409178292;213226,83882623518;213253,3374126531;211478,14008628106;211160,25967805402;212349,56314293927
5;2022;5/2022;212279,90679789233;208221,40305755392;210995,21765360064;215179,76286492776;215279,8743114274;215305,16785277062;215162,197680602;215262,3000129559;215287,5912121239;208688,511207573;208706,3276839409;208704,59645374713;213195,58297013206;213269,50230893225;213296,00857993975;212041,82713116906;211467,94027762255;211580,12736251715
6;2022;6/2022;212336,97360282173;208231,47904091625;211037,37525863005;215237,51528445954;215337,65576327938;215362,9566397494;215219,94930596332;215320,08066799422;215345,37920160935;208698,72265230038;208716,5442954458;208714,81256319507;213238,22333744352;213312,16411285318;213338,6780706794;211894,26170548823;211787,83554118744;212016,8266627074
7;2022;7/2022;212394,0569571222;208241,55794631058;211079,5450893636;215295,26888326235;215395,4384028205;215420,7466165432;215277,69781063314;215377,85821075842;215403,16408094802;208708,93705834608;208726,7638697684;208725,03163531463;213280,86050153218;213354,8227197659;213381,3443666394;212003,61395979693;212087,3805680159;211507,08309057288
8;2022;8/2022;212451,15686560582;208251,63977459556;211121,7271493513;215353,03923060885;215453,2377993267;215478,5533524348;215335,4630623681;215435,65250900894;215460,9657179024;208719,15442656877;208736,98640776583;208735,2536709652;213323,5100303989;213397,49369767547;213424,02303582837;211416,89655222723;211730,66677823788;212074,15456677685
9;2022;9/2022;212508,2733330516;208261,72452660548;211163,92144213116;215410,82633135762;215511,04547595943;215536,3768522788;215393,24506602716;215493,46356760827;215518,78411733275;208729,37475782994;208747,21191030182;208745,47867100747;213366,17192762851;213440,16856846705;213466,71408182927;211530,58735473087;211303,420784317;211730,90231035437
10;2022;10/2022;212565,40636427433;208271,81220319687;211206,12797125324;215468,63019036443;215568,85307813322;215594,21712093556;215451,043826468;215551,28290971136;215576,61928409725;208739,59805298565;208757,440378232;208755,70663629827;213408,84619680914;213482,8389762892;213509,41750823378;212281,8905159894;212161,5992045624;211700,29310658143
11;2022;11/2022;212622,5559640791;208281,9028052109;211248,3467402759;215526,45081248996;215626,67696054542;215652,06093874003;215508,85934854788;215609,10218074278;215634,4712230598;208749,82431289784;208767,67181241864;208765,93756769973;213451,5328415266;213525,52127456124;213552,12009410036;211654,20712287497;212246,1206731441;211900,651821686
12;2022;12/2022;212679,7221372669;208291,99633350136;211290,57775273846;215584,28820259759;215684,50543566004;215709,9094354012;215566,69163713037;215666,9377353941;215692,326714555;208760,05353842588;208777,90621372068;208776,17146607095;213494,23186537152;213568,20377447686;213594,82296786623;212148,0504664394;212438,02084118634;212253,53621676925
1;2023;1/2023;212732,96125062287;208301,39648164704;211329,90768395798;216027,56018711094;216142,63526602095;216172,35743699528;216011,17588656276;216126,24126029725;216155,96086166808;208832,49813033137;208852,97549337515;208851,04486812;213829,18611315798;213914,15986537441;213945,18950526993;212804,0173231837;211989,8404864003;212500,28269822977
2;2023;2/2023;212786,21473853063;208310,7991678266;211369,24823425655;216081,5087299996;216196,6140255126;216226,34507514155;216065,12000568942;216180,21644707353;216209,9440727389;208842,04421395969;208862,52710589074;208860,59595936807;213869,00698189673;213954,0028233584;213985,04169492418;212060,07560674284;212405,86886764335;212217,94729547872
3;2023;3/2023;212839,48260488166;208320,20439273416;211408,59940650305;216135,47183899445;216250,60231939913;216280,34728994893;216119,0786897288;216234,20535348574;216263,94185927568;208851,59287503065;208872,0812973427;208870,14962940977;213908,83860226974;213993,85149907068;214024,9046446694;212864,7658217445;212569,3821373956;212710,9621791283
4;2023;4/2023;212892,76485356552;208329,6121570565;211447,96120356984;216189,4495180286;216304,60519012588;216334,36166214076;216173,05194261283;216288,20379703076;216317,9542252143;208861,14411424077;208881,6380684267;208879,70587894338;213948,68097717973;214033,710933926;214064,7759341973;212555,6956188354;212138,96031384138;212341,1415457464
5;2023;5/2023;212946,06148844847;208339,02246147228;211487,33362831917;216243,4417710366;216358,62264162814;216388,38714789035;216227,0397682756;216342,21682015655;216371,97875128026;208870,6979322855;208891,19741983942;208889,26470866468;213988,53410953126;214073,58113082827;214104,65451864983;212183,29438902257;212281,79923513412;212107,1426317793
6;2023;6/2023;212999,3725134201;208348,4353066679;211526,71668362044;216297,44091096488;216412,65092914854;216442,42347182817;216281,04217064957;216396,24442679874;216426,01439364298;208880,25432986027;208900,75935227584;208898,82611926968;214028,3903112411;214113,45834399093;214144,54012162713;212330,15642056204;212402,826041343;212471,4926806331
7;2023;7/2023;213052,69793237248;208357,85069332807;211566,1103723552;216351,44464103325;216466,68576592352;216496,46634718875;216335,05146268487;216450,28287220033;216480,06087693642;208889,81330766255;208910,3238664346;208908,39011145497;214068,2472844985;214153,33828561826;214184,42845533416;212505,25841238347;212371,71088783734;212818,08847038794
8;2023;8/2023;213106,03774920094;208367,26862216007;211605,51469738042;216405,4629521122;216520,73519210413;216550,5238141282;216389,0653476051;216504,32786959986;216534,1139143973;208899,37486638877;208919,89096301148;208917,95668591902;214108,11501914135;214193,2289948296;214224,32755889205;212244,28766119544;212488,74878209585;212543,67533685622
9;2023;9/2023;213159,39196776968;208376,68909382247;211644,92966157358;216459,49584813352;216574,79921163042;216604,5958765819;216443,09381627236;216558,38745914845;216588,18154617894;208908,93900673644;208929,4606427047;208927,52584335668;214147,9935180702;214233,13047453263;214264,23743520753;212710,4382742455;212712,27235121356;212464,6620479181
10;2023;10/2023;213212,76059196456;208386,1121090064;211684,355267801;216513,54333303764;216628,8778284448;216658,68253849383;216497,13687262873;216612,4616447897;216642,2637762217;208918,50572940137;208939,032906213;208937,0975844686;214187,8827841954;214273,04272763696;214304,15808718983;212652,539342681;212667,86394558568;212813,24750780573
11;2023;11/2023;213266,14362570323;208395,53766840984;211723,79151895217;216567,6054107646;216682,97104648294;216712,78380380545;216551,19452060986;216666,55043045778;216696,36060846638;208928,075035082;208948,60775423012;208946,67190995006;214227,7828204238;214312,9657570483;214344,08951774926;212348,74037606874;212705,29846110023;212518,13963659893
12;2023;12/2023;213319,54107285198;208404,96577271368;211763,23841788236;216621,68208524986;216737,07886969042;216766,8996764568;216605,2667641569;216720,65382009992;216750,47204685654;208937,64692447553;208958,18518745742;208956,24882049882;214267,69362965957;214352,89956567762;214384,0317297938;212420,07299283665;212498,29706291508;212908,99375972518
1;2024;1/2024;213368,99288181245;208413,69785594853;211799,76956492793;220827,67367316765;221102,0987797904;221177,5465047866;220812,1935556755;221086,5974151432;221162,0391592724;209618,9793199591;209667,65108812574;209663,61574677483;217453,5509217645;217656,45379495109;217734,2005294868;212723,25087656867;212487,31195546713;212714,2325455149
2;2024;2/2024;213418,4497608624;208422,4321222007;211836,30255190065;220878,7169164814;221153,21062938165;221228,67721630857;220863,23292896082;221137,7053893928;221213,16599395918;209628,0149065796;209676,6988426893;209672,6624925025;217491,2190481406;217694,17264704563;217771,93881826464;212965,59783967587;213086,735958676;212742,64494045603
3;2024;3/2024;213467,91900413812;208431,16857202176;211872,8446721234;220929,77292060733;221204,3335144119;221279,8207105084;220914,28506209003;221188,82439811365;221264,30561035336;209637,0527520968;209685,74885918997;209681,71149991572;217528,89659154922;217731,89918633044;217809,68654161514;212957,92330544122;212945,3907228118;213249,6701638605
4;2024;4/2024;213517,40061472077;208439,907205954;211909,39592787324;220980,8416887328;221255,4600087267;221330,97699058196;220965,34995825047;221239,94701514943;221315,45801165135;209646,0928570752;209694,8011381954;209690,76276958123;217566,58355434198;217769,62598581263;217847,44370189603;213124,0602127306;213197,20912162206;213339,90813695447
5;2024;5/2024;213566,89459570727;208448,64802454694;211945,95632143764;221031,9232240504;221306,5992846678;221382,14605972404;221016,42762063636;221291,08241284182;221366,6232010496;209655,13522207882;209703,85568026957;209699,81630206303;217604,27993887675;217807,3622169986;217885,21030146716;213271,41671644768;212997,92429872532;213322,24763787395
6;2024;6/2024;213616,400950203;208457,3910283429;211982,52585511358;221083,01415049878;221357,74796617302;221433,3245418832;221067,51467318225;221342,22721512849;221417,79780249277;209664,17984767476;209712,91248598014;209708,8720979297;217641,98236825436;217845,10450298665;217922,98296343553;212757,37399288;213117,2031097992;212812,08721121718
7;2024;7/2024;213665,91968126444;208466,1362178917;212019,1045311509;221134,1103149746;221408,90190014505;221484,5082839558;221118,60696278958;221393,37726891332;221468,9776628811;209673,2267344271;209721,97155589212;209717,93015774412;217679,68668853334;217882,8486898419;217960,7575338636;213150,31760340356;213286,61284112706;212942,87350753503
8;2024;8/2024;213715,45079201792;208474,88359373432;212055,69235186744;221185,21925349103;221460,06862259682;221535,70482196272;221169,71202546777;221444,5401102075;221520,17031823358;209682,2758829017;209731,0328905708;209726,990482073;217717,40043489303;217920,60231274262;217998,54154793394;213032,69263236437;213211,54094636135;212952,55315621087
9;2024;9/2024;213764,99428554068;208483,63315642014;212092,28931953525;221236,34096923997;221511,24813673118;221586,9085358124;221220,8298644107;221495,71574221406;221571,37014845738;209691,3272936616;209740,09649058382;209736,0530714839;217755,12360968904;217958,36537404955;218036,32938471567;213247,22788425843;213539,074236645;213588,93137771366
10;2024;10/2024;213814,55016495122;208492,38490650113;212128,8954364506;221287,4754654191;221562,4404457446;221638,11975992686;221271,96048281284;221546,90416812804;221622,57748797344;209700,3809672752;209749,16235649557;209745,11792654157;217792,85621527737;217996,1378761222;218074,1213777914;213435,2509560773;213622,32316478813;213251,22496774155
11;2024;11/2024;213864,11843332756;208501,1388445217;212165,51070489123;221338,62274522465;221613,6455528353;221689,34378684638;221323,10388387291;221598,1053911503;221673,79762932617;209709,43690430798;209758,23048887588;209754,1850478141;217830,59825401971;218033,91982131999;218111,92281886507;213136,78373453874;214095,6414255158;213817,15007629612
12;2024;12/2024;213913,6990937669;208509,89497102163;212202,13512715153;221389,7828118481;221664,86346120277;221740,58061977263;221374,2600707806;221649,31941447654;221725,0305757125;209718,49510532327;209767,30088828848;209763,25443586608;217868,34972827166;218071,711212005;218149,73371029986;213003,52085778583;213546,977432494;212722,79633323796
1;2025;1/2025;213959,32470492827;208517,95262131267;212235,83801924987;222497,0633745575;222813,28714213957;222904,2074972731;222482,71001201565;222798,9147557937;222889,83006237008;209898,67352740178;209954,53461952307;209950,45141825927;218705,9580810777;218940,02673141455;219032,7285601459;213210,99837210865;213761,89770840458;213500,22449862197
2;2025;2/2025;214004,96080997636;208526,01212486182;212269,5486630099;222544,36695467107;222860,65545689713;222951,59970011289;222530,01029085662;222846,2813076925;222937,21895839996;209907,05059675995;209962,92453693345;209958,84039653247;218740,8606476237;218974,97513692666;219067,70126348018;213608,45424108146;213339,41495271595;213509,02302307912
3;2025;3/2025;214050,60741132862;208534,07348209666;212303,26706021902;222591,67940800852;222908,02559532592;222999,000796562;222577,31944216156;222893,6481400696;222984,61674727825;209915,42959284486;209971,31638402428;209967,23130427132;218775,76923516;219009,9225095317;219102,68000393783;213681,8442976347;213320,7944464665;213662,48512427733
4;2025;4/2025;214096,26451139766;208542,1366934458;212336,9932126574;222638,99470896643;222955,39859464465;223046,40066644247;222624,63144032683;222941,0178325723;223032,01740340443;209923,81051609764;209979,71016123876;209975,62414191742;218810,67781742854;219044,8698857915;219137,65466068685;213511,83710002148;213001,05106407337;213569,97417850685
5;2025;5/2025;214141,93211260243;208550,20175933107;212370,72712211416;222686,3208924472;223002,78248975464;223093,80549202903;222671,954320255;222988,3984201067;223079,42486710465;209932,1933669635;209988,10586902258;209984,01890991715;218845,59442867394;219079,8252999488;219172,63141534224;213580,4713786403;213638,81099357753;213487,2219688654
6;2025;6/2025;214187,61021735135;208558,26868017978;212404,4687903684;222733,65569355618;223050,17728316254;223141,22122072586;222719,28808444602;223035,7899051784;223126,83728825825;209940,5781458857;209996,50350782016;209992,41560871407;218880,51680334558;219114,78875385207;219207,6162146507;213455,60389602665;213470,54656297254;213787,47563380812
7;2025;7/2025;214233,29882806985;208566,33745642556;212438,21821920606;222780,99862864017;223097,58297736972;223188,64785503954;222766,630468008;223083,19229028927;223174,26061426764;209948,96485330543;210004,90307807308;210000,81423874994;218915,4444571356;219149,76024934885;219242,60906046443;213612,35425836273;214368,247655594;214022,99484731915
8;2025;8/2025;214278,9979471715;208574,40808848827;212471,9754104165;222828,35245259857;223144,9995748867;223236,08539747878;222813,98098729007;223130,60557794798;223221,6948476416;209957,353489668;210013,30458022785;210009,21480047196;218950,3801442857;219184,73978828872;219277,6099546306;213790,70371102836;213579,63492869883;213517,01120381293
9;2025;9/2025;214324,7075770697;208582,48057679922;212505,74036577813;222875,71716793967;223192,42485760502;223283,52552223485;222861,34239719302;223178,02977066566;223269,1316625698;209965,744055419;210021,7080147291;210017,61729432468;218985,32386664423;219219,7251519049;219312,61057068294;213647,76677974794;213598,10898312356;213839,65583531765
10;2025;10/2025;214370,42772016133;208590,55492177187;212539,51308707058;222923,09221083642;223239,85768200769;223330,9742793687;222908,71470021922;223225,46265032687;223316,57767544346;209974,13655099896;210030,11338201957;210026,02172074863;219020,27505973185;219254,71519602567;219347,61695802934;214095,281482829;214034,6330591922;213464,70711514325
11;2025;11/2025;214416,15837890658;208598,63112384538;212573,29357610573;222970,46365505768;223287,28692102525;223378,41945478207;222956,09733254957;223272,90307342337;223364,03403457423;209982,5309768524;210038,52068254465;210034,4280801912;219055,21979665867;219289,6987929213;219382,6169019088;214077,14617550734;214231,4724257949;213524,2931350227
12;2025;12/2025;214461,8995557047;208606,70918345705;212607,08183464094;223017,84599470894;223334,7270687664;223425,8755425848;223003,47636794692;223320,33991287986;223411,48681373012;209990,92733342305;210046,92991674852;210042,83637309616;219090,17257087358;219324,69043604343;219417,6248957755;213847,17879547883;213545,59473637535;214252,65523077952

